Workbook

Sheet บางบัวทอง-ผลิต
E9: วันที่ 08/09/69 PO.08/09/69
B10: ผู้ส่ง : 7-11 บางบัวทอง 4 ล้อ จัมโบ้ 2 รอบ พี่ตี๋
B12: เซเว่น-บางบัวทอง | D12: บรรจุ/ตก. | E12: 14.00 น. | G12: 13.00 น. | I12: 11.00 น | K12: 09.00 น | N12: 08.00 น. | Q12: ยอดรวม | S12: ยอดเผื่อ | T12: คงเหลือ | V12: KK | W12: SRR | X12: CMI | Y12: HKT | Z12: HDY
E13: ขอนแก่น KK | G13: สุราษร์ธานี ST | I13: เชียงใหม่ CM | K13: ภูเก็ต PK | N13: หาดใหญ่ HY
E14: PO1 | F14: PO 2 | G14: PO1 | H14: PO 2 | I14: PO1 | J14: PO 2 | K14: PO1 | L14: PO 2 | M14: PO3 | N14: PO1 | O14: PO2 | P14: PO3 | Q14: รวมแพค | R14: ตะกร้า | AK14: 32
B15: 1 | C15: องุ่นดำไร้เมล็ด 150 กรัม x36P | D15: 36 | Q15: =SUM(E15:P15) -> 0 | R15: ='บางบัวทอง-รถ'!C10 -> 0 | T15: =SUM(S15-Q15) -> 0 | V15: =SUM(E15,F15) -> 0 | W15: =SUM(G15,H15) -> 0 | X15: =SUM(I15,J15) -> 0 | Y15: =SUM(K15,L15,M15,) -> 0 | Z15: =SUM(N15,O15,P15) -> 0 | AK15: =IF(AK14=0, "", IF(MOD(AK14, $D$15) = 0, AK14 / $D$15, IF(INT(AK14 / $D$15) = 0, MOD(AK14, $D$15) & " P", INT(AK14 / $D$15) & " + " & MOD(AK14, $D$15) & " P"))) -> 32 P
C16: BlackGrapesSeedless150 g. (8859388000025 ) | E16: =IF(E15=0, "", IF(MOD(E15, $D$15) = 0, E15 / $D$15, IF(INT(E15 / $D$15) = 0, MOD(E15, $D$15) & " P", INT(E15 / $D$15) & " + " & MOD(E15, $D$15) & " P"))) | F16: =IF(F15=0, "", IF(MOD(F15, $D$15) = 0, F15 / $D$15, IF(INT(F15 / $D$15) = 0, MOD(F15, $D$15) & " P", INT(F15 / $D$15) & " + " & MOD(F15, $D$15) & " P"))) | G16: =IF(G15=0, "", IF(MOD(G15, $D$15) = 0, G15 / $D$15, IF(INT(G15 / $D$15) = 0, MOD(G15, $D$15) & " P", INT(G15 / $D$15) & " + " & MOD(G15, $D$15) & " P"))) | H16: =IF(H15=0, "", IF(MOD(H15, $D$15) = 0, H15 / $D$15, IF(INT(H15 / $D$15) = 0, MOD(H15, $D$15) & " P", INT(H15 / $D$15) & " + " & MOD(H15, $D$15) & " P"))) | I16: =IF(I15=0, "", IF(MOD(I15, $D$15) = 0, I15 / $D$15, IF(INT(I15 / $D$15) = 0, MOD(I15, $D$15) & " P", INT(I15 / $D$15) & " + " & MOD(I15, $D$15) & " P"))) | J16: =IF(J15=0, "", IF(MOD(J15, $D$15) = 0, J15 / $D$15, IF(INT(J15 / $D$15) = 0, MOD(J15, $D$15) & " P", INT(J15 / $D$15) & " + " & MOD(J15, $D$15) & " P"))) | K16: =IF(K15=0, "", IF(MOD(K15, $D$15) = 0, K15 / $D$15, IF(INT(K15 / $D$15) = 0, MOD(K15, $D$15) & " P", INT(K15 / $D$15) & " + " & MOD(K15, $D$15) & " P"))) | L16: =IF(L15=0, "", IF(MOD(L15, $D$15) = 0, L15 / $D$15, IF(INT(L15 / $D$15) = 0, MOD(L15, $D$15) & " P", INT(L15 / $D$15) & " + " & MOD(L15, $D$15) & " P"))) | ... P16: =IF(P15=0, "", IF(MOD(P15, $D$15) = 0, P15 / $D$15, IF(INT(P15 / $D$15) = 0, MOD(P15, $D$15) & " P", INT(P15 / $D$15) & " + " & MOD(P15, $D$15) & " P"))) | AK16: 129
B17: 2 | C17: องุ่นแดงนอกมีเมล็ด 200 กรัม x 32 P | D17: 32 | Q17: =SUM(E17:P17) -> 0 | R17: ='บางบัวทอง-รถ'!C11 -> 0 | T17: =SUM(S17-Q17) -> 0 | V17: =SUM(E17,F17) -> 0 | W17: =SUM(G17,H17) -> 0 | X17: =SUM(I17,J17) -> 0 | Y17: =SUM(K17,L17,M17,) -> 0 | Z17: =SUM(N17,O17,P17) -> 0 | AK17: =IF(AK16=0, "", IF(MOD(AK16, $D$17) = 0, AK16 / $D$17, IF(INT(AK16 / $D$17) = 0, MOD(AK16, $D$17) & " P", INT(AK16 / $D$17) & " + " & MOD(AK16, $D$17) & " P"))) -> 4 + 1 P
C18: Red Seed 200 g. ( 8859388000100 ) | E18: =IF(E17=0, "", IF(MOD(E17, $D$17) = 0, E17 / $D$17, IF(INT(E17 / $D$17) = 0, MOD(E17, $D$17) & " P", INT(E17 / $D$17) & " + " & MOD(E17, $D$17) & " P"))) | F18: =IF(F17=0, "", IF(MOD(F17, $D$17) = 0, F17 / $D$17, IF(INT(F17 / $D$17) = 0, MOD(F17, $D$17) & " P", INT(F17 / $D$17) & " + " & MOD(F17, $D$17) & " P"))) | G18: =IF(G17=0, "", IF(MOD(G17, $D$17) = 0, G17 / $D$17, IF(INT(G17 / $D$17) = 0, MOD(G17, $D$17) & " P", INT(G17 / $D$17) & " + " & MOD(G17, $D$17) & " P"))) | H18: =IF(H17=0, "", IF(MOD(H17, $D$17) = 0, H17 / $D$17, IF(INT(H17 / $D$17) = 0, MOD(H17, $D$17) & " P", INT(H17 / $D$17) & " + " & MOD(H17, $D$17) & " P"))) | I18: =IF(I17=0, "", IF(MOD(I17, $D$17) = 0, I17 / $D$17, IF(INT(I17 / $D$17) = 0, MOD(I17, $D$17) & " P", INT(I17 / $D$17) & " + " & MOD(I17, $D$17) & " P"))) | J18: =IF(J17=0, "", IF(MOD(J17, $D$17) = 0, J17 / $D$17, IF(INT(J17 / $D$17) = 0, MOD(J17, $D$17) & " P", INT(J17 / $D$17) & " + " & MOD(J17, $D$17) & " P"))) | K18: =IF(K17=0, "", IF(MOD(K17, $D$17) = 0, K17 / $D$17, IF(INT(K17 / $D$17) = 0, MOD(K17, $D$17) & " P", INT(K17 / $D$17) & " + " & MOD(K17, $D$17) & " P"))) | L18: =IF(L17=0, "", IF(MOD(L17, $D$17) = 0, L17 / $D$17, IF(INT(L17 / $D$17) = 0, MOD(L17, $D$17) & " P", INT(L17 / $D$17) & " + " & MOD(L17, $D$17) & " P"))) | ... P18: =IF(P17=0, "", IF(MOD(P17, $D$17) = 0, P17 / $D$17, IF(INT(P17 / $D$17) = 0, MOD(P17, $D$17) & " P", INT(P17 / $D$17) & " + " & MOD(P17, $D$17) & " P"))) | AK18: 54
B19: 3 | C19: ส้มแพ็ก 4 ผล(450 กรัม) x14 P | D19: 14 | Q19: =SUM(E19:P19) -> 0 | R19: ='บางบัวทอง-รถ'!C12 -> 0 | T19: =SUM(S19-Q19) -> 0 | V19: =SUM(E19,F19) -> 0 | W19: =SUM(G19,H19) -> 0 | X19: =SUM(I19,J19) -> 0 | Y19: =SUM(K19,L19,M19,) -> 0 | Z19: =SUM(N19,O19,P19) -> 0 | AK19: =IF(#REF!=0, "", IF(MOD(#REF!, $D$19) = 0,#REF!/ $D$19, IF(INT(#REF! / $D$19) = 0, MOD(#REF!, $D$19) & " P", INT(#REF! / $D$19) & " + " & MOD(#REF!, $D$19) & " P"))) -> #REF!
C20: Mandarin orange P.4 (8859388000445) | E20: =IF(E19=0, "", IF(MOD(E19, $D$19) = 0, E19/ $D$19, IF(INT(E19 / $D$19) = 0, MOD(E19, $D$19) & " P", INT(E19 / $D$19) & " + " & MOD(E19, $D$19) & " P"))) | F20: =IF(F19=0, "", IF(MOD(F19, $D$19) = 0, F19/ $D$19, IF(INT(F19 / $D$19) = 0, MOD(F19, $D$19) & " P", INT(F19 / $D$19) & " + " & MOD(F19, $D$19) & " P"))) | G20: =IF(G19=0, "", IF(MOD(G19, $D$19) = 0, G19/ $D$19, IF(INT(G19 / $D$19) = 0, MOD(G19, $D$19) & " P", INT(G19 / $D$19) & " + " & MOD(G19, $D$19) & " P"))) | H20: =IF(H19=0, "", IF(MOD(H19, $D$19) = 0, H19/ $D$19, IF(INT(H19 / $D$19) = 0, MOD(H19, $D$19) & " P", INT(H19 / $D$19) & " + " & MOD(H19, $D$19) & " P"))) | I20: =IF(I19=0, "", IF(MOD(I19, $D$19) = 0, I19/ $D$19, IF(INT(I19 / $D$19) = 0, MOD(I19, $D$19) & " P", INT(I19 / $D$19) & " + " & MOD(I19, $D$19) & " P"))) | J20: =IF(J19=0, "", IF(MOD(J19, $D$19) = 0, J19/ $D$19, IF(INT(J19 / $D$19) = 0, MOD(J19, $D$19) & " P", INT(J19 / $D$19) & " + " & MOD(J19, $D$19) & " P"))) | K20: =IF(K19=0, "", IF(MOD(K19, $D$19) = 0, K19/ $D$19, IF(INT(K19 / $D$19) = 0, MOD(K19, $D$19) & " P", INT(K19 / $D$19) & " + " & MOD(K19, $D$19) & " P"))) | L20: =IF(L19=0, "", IF(MOD(L19, $D$19) = 0, L19/ $D$19, IF(INT(L19 / $D$19) = 0, MOD(L19, $D$19) & " P", INT(L19 / $D$19) & " + " & MOD(L19, $D$19) & " P"))) | ... P20: =IF(P19=0, "", IF(MOD(P19, $D$19) = 0, P19/ $D$19, IF(INT(P19 / $D$19) = 0, MOD(P19, $D$19) & " P", INT(P19 / $D$19) & " + " & MOD(P19, $D$19) & " P"))) | AK20: 227
B21: 4 | C21: แอปเปิ้ลแพ็ก 4 ผล(400 กรัม) x14 P | D21: 14 | Q21: =SUM(E21:P21) -> 0 | R21: ='บางบัวทอง-รถ'!C13 -> 0 | T21: =SUM(S21-Q21) -> 0 | V21: =SUM(E21,F21) -> 0 | W21: =SUM(G21,H21) -> 0 | X21: =SUM(I21,J21) -> 0 | Y21: =SUM(K21,L21,M21,) -> 0 | Z21: =SUM(N21,O21,P21) -> 0 | AK21: =IF(AK20=0, "", IF(MOD(AK20, $D$21) = 0, AK20/ $D$21, IF(INT(AK20 / $D$21) = 0, MOD(AK20, $D$21) & " P", INT(AK20 / $D$21) & " + " & MOD(AK20, $D$21) & " P"))) -> 16 + 3 P
C22: Apple P.4 (8859388000568 ) | E22: =IF(E21=0, "", IF(MOD(E21, $D$21) = 0, E21/ $D$21, IF(INT(E21 / $D$21) = 0, MOD(E21, $D$21) & " P", INT(E21 / $D$21) & " + " & MOD(E21, $D$21) & " P"))) | F22: =IF(F21=0, "", IF(MOD(F21, $D$21) = 0, F21/ $D$21, IF(INT(F21 / $D$21) = 0, MOD(F21, $D$21) & " P", INT(F21 / $D$21) & " + " & MOD(F21, $D$21) & " P"))) | G22: =IF(G21=0, "", IF(MOD(G21, $D$21) = 0, G21/ $D$21, IF(INT(G21 / $D$21) = 0, MOD(G21, $D$21) & " P", INT(G21 / $D$21) & " + " & MOD(G21, $D$21) & " P"))) | H22: =IF(H21=0, "", IF(MOD(H21, $D$21) = 0, H21/ $D$21, IF(INT(H21 / $D$21) = 0, MOD(H21, $D$21) & " P", INT(H21 / $D$21) & " + " & MOD(H21, $D$21) & " P"))) | I22: =IF(I21=0, "", IF(MOD(I21, $D$21) = 0, I21/ $D$21, IF(INT(I21 / $D$21) = 0, MOD(I21, $D$21) & " P", INT(I21 / $D$21) & " + " & MOD(I21, $D$21) & " P"))) | J22: =IF(J21=0, "", IF(MOD(J21, $D$21) = 0, J21/ $D$21, IF(INT(J21 / $D$21) = 0, MOD(J21, $D$21) & " P", INT(J21 / $D$21) & " + " & MOD(J21, $D$21) & " P"))) | K22: =IF(K21=0, "", IF(MOD(K21, $D$21) = 0, K21/ $D$21, IF(INT(K21 / $D$21) = 0, MOD(K21, $D$21) & " P", INT(K21 / $D$21) & " + " & MOD(K21, $D$21) & " P"))) | L22: =IF(L21=0, "", IF(MOD(L21, $D$21) = 0, L21/ $D$21, IF(INT(L21 / $D$21) = 0, MOD(L21, $D$21) & " P", INT(L21 / $D$21) & " + " & MOD(L21, $D$21) & " P"))) | ... P22: =IF(P21=0, "", IF(MOD(P21, $D$21) = 0, P21/ $D$21, IF(INT(P21 / $D$21) = 0, MOD(P21, $D$21) & " P", INT(P21 / $D$21) & " + " & MOD(P21, $D$21) & " P"))) | AK22: 25
B23: 5 | C23: องุ่นแดงไร้เมล็ด150กรัม x 32 Pไข่ปลา | D23: 32 | Q23: =SUM(E23:P23) -> 0 | R23: ='บางบัวทอง-รถ'!C14 -> 0 | T23: =SUM(S23-Q23) -> 0 | V23: =SUM(E23,F23) -> 0 | W23: =SUM(G23,H23) -> 0 | X23: =SUM(I23,J23) -> 0 | Y23: =SUM(K23,L23,M23,) -> 0 | Z23: =SUM(N23,O23,P23) -> 0 | AK23: =IF(AK22=0, "", IF(MOD(AK22, $D$23) = 0, AK22/ $D$23, IF(INT(AK22 / $D$23) = 0, MOD(AK22, $D$23) & " P", INT(AK22 / $D$23) & " + " & MOD(AK22, $D$23) & " P"))) -> 25 P
C24: Red Seedless 150 g. ( 8859388007000 ) | E24: =IF(E23=0, "", IF(MOD(E23, $D$23) = 0, E23/ $D$23, IF(INT(E23 / $D$23) = 0, MOD(E23, $D$23) & " P", INT(E23 / $D$23) & " + " & MOD(E23, $D$23) & " P"))) | F24: =IF(F23=0, "", IF(MOD(F23, $D$23) = 0, F23/ $D$23, IF(INT(F23 / $D$23) = 0, MOD(F23, $D$23) & " P", INT(F23 / $D$23) & " + " & MOD(F23, $D$23) & " P"))) | G24: =IF(G23=0, "", IF(MOD(G23, $D$23) = 0, G23/ $D$23, IF(INT(G23 / $D$23) = 0, MOD(G23, $D$23) & " P", INT(G23 / $D$23) & " + " & MOD(G23, $D$23) & " P"))) | H24: =IF(H23=0, "", IF(MOD(H23, $D$23) = 0, H23/ $D$23, IF(INT(H23 / $D$23) = 0, MOD(H23, $D$23) & " P", INT(H23 / $D$23) & " + " & MOD(H23, $D$23) & " P"))) | I24: =IF(I23=0, "", IF(MOD(I23, $D$23) = 0, I23/ $D$23, IF(INT(I23 / $D$23) = 0, MOD(I23, $D$23) & " P", INT(I23 / $D$23) & " + " & MOD(I23, $D$23) & " P"))) | J24: =IF(J23=0, "", IF(MOD(J23, $D$23) = 0, J23/ $D$23, IF(INT(J23 / $D$23) = 0, MOD(J23, $D$23) & " P", INT(J23 / $D$23) & " + " & MOD(J23, $D$23) & " P"))) | K24: =IF(K23=0, "", IF(MOD(K23, $D$23) = 0, K23/ $D$23, IF(INT(K23 / $D$23) = 0, MOD(K23, $D$23) & " P", INT(K23 / $D$23) & " + " & MOD(K23, $D$23) & " P"))) | L24: =IF(L23=0, "", IF(MOD(L23, $D$23) = 0, L23/ $D$23, IF(INT(L23 / $D$23) = 0, MOD(L23, $D$23) & " P", INT(L23 / $D$23) & " + " & MOD(L23, $D$23) & " P"))) | ... P24: =IF(P23=0, "", IF(MOD(P23, $D$23) = 0, P23/ $D$23, IF(INT(P23 / $D$23) = 0, MOD(P23, $D$23) & " P", INT(P23 / $D$23) & " + " & MOD(P23, $D$23) & " P"))) | AK24: 2
B25: 6 | C25: สตรอเบอร์รี่ 250 กรัม x 27 P | D25: 27 | Q25: =SUM(E25:P25) -> 0 | R25: ='บางบัวทอง-รถ'!C15 -> 0 | T25: =SUM(S25-Q25) -> 0 | V25: =SUM(E25,F25) -> 0 | W25: =SUM(G25,H25) -> 0 | X25: =SUM(I25,J25) -> 0 | Y25: =SUM(K25,L25,M25,) -> 0 | Z25: =SUM(N25,O25,P25) -> 0 | AK25: =IF(AK24=0, "", IF(MOD(AK24, $D$25) = 0, AK24/ $D$25, IF(INT(AK24 / $D$25) = 0, MOD(AK24, $D$25) & " P", INT(AK24 / $D$25) & " + " & MOD(AK24, $D$25) & " P"))) -> 2 P
C26: Straw AUS 250 g. ( 2003009710008 ) | E26: =IF(E25=0, "", IF(MOD(E25, $D$25) = 0, E25/ $D$25, IF(INT(E25 / $D$25) = 0, MOD(E25, $D$25) & " P", INT(E25 / $D$25) & " + " & MOD(E25, $D$25) & " P"))) | F26: =IF(F25=0, "", IF(MOD(F25, $D$25) = 0, F25/ $D$25, IF(INT(F25 / $D$25) = 0, MOD(F25, $D$25) & " P", INT(F25 / $D$25) & " + " & MOD(F25, $D$25) & " P"))) | G26: =IF(G25=0, "", IF(MOD(G25, $D$25) = 0, G25/ $D$25, IF(INT(G25 / $D$25) = 0, MOD(G25, $D$25) & " P", INT(G25 / $D$25) & " + " & MOD(G25, $D$25) & " P"))) | H26: =IF(H25=0, "", IF(MOD(H25, $D$25) = 0, H25/ $D$25, IF(INT(H25 / $D$25) = 0, MOD(H25, $D$25) & " P", INT(H25 / $D$25) & " + " & MOD(H25, $D$25) & " P"))) | I26: =IF(I25=0, "", IF(MOD(I25, $D$25) = 0, I25/ $D$25, IF(INT(I25 / $D$25) = 0, MOD(I25, $D$25) & " P", INT(I25 / $D$25) & " + " & MOD(I25, $D$25) & " P"))) | J26: =IF(J25=0, "", IF(MOD(J25, $D$25) = 0, J25/ $D$25, IF(INT(J25 / $D$25) = 0, MOD(J25, $D$25) & " P", INT(J25 / $D$25) & " + " & MOD(J25, $D$25) & " P"))) | K26: =IF(K25=0, "", IF(MOD(K25, $D$25) = 0, K25/ $D$25, IF(INT(K25 / $D$25) = 0, MOD(K25, $D$25) & " P", INT(K25 / $D$25) & " + " & MOD(K25, $D$25) & " P"))) | L26: =IF(L25=0, "", IF(MOD(L25, $D$25) = 0, L25/ $D$25, IF(INT(L25 / $D$25) = 0, MOD(L25, $D$25) & " P", INT(L25 / $D$25) & " + " & MOD(L25, $D$25) & " P"))) | ... P26: =IF(P25=0, "", IF(MOD(P25, $D$25) = 0, P25/ $D$25, IF(INT(P25 / $D$25) = 0, MOD(P25, $D$25) & " P", INT(P25 / $D$25) & " + " & MOD(P25, $D$25) & " P"))) | AK26: 74
B27: 7 | C27: บลูเบอร์รี่ 125 กรัม x 36 P | D27: 36 | Q27: =SUM(E27:P27) -> 0 | R27: ='บางบัวทอง-รถ'!C16 -> 0 | T27: =SUM(S27-Q27) -> 0 | V27: =SUM(E27,F27) -> 0 | W27: =SUM(G27,H27) -> 0 | X27: =SUM(I27,J27) -> 0 | Y27: =SUM(K27,L27,M27,) -> 0 | Z27: =SUM(N27,O27,P27) -> 0 | AK27: =IF(AK26=0, "", IF(MOD(AK26, $D$27) = 0, AK26/ $D$27, IF(INT(AK26 / $D$27) = 0, MOD(AK26, $D$27) & " P", INT(AK26 / $D$27) & " + " & MOD(AK26, $D$27) & " P"))) -> 2 + 2 P
C28: Blue 125 g. ( 2003009720007 ) | E28: =IF(E27=0, "", IF(MOD(E27, $D$27) = 0, E27/ $D$27, IF(INT(E27 / $D$27) = 0, MOD(E27, $D$27) & " P", INT(E27 / $D$27) & " + " & MOD(E27, $D$27) & " P"))) | F28: =IF(F27=0, "", IF(MOD(F27, $D$27) = 0, F27/ $D$27, IF(INT(F27 / $D$27) = 0, MOD(F27, $D$27) & " P", INT(F27 / $D$27) & " + " & MOD(F27, $D$27) & " P"))) | G28: =IF(G27=0, "", IF(MOD(G27, $D$27) = 0, G27/ $D$27, IF(INT(G27 / $D$27) = 0, MOD(G27, $D$27) & " P", INT(G27 / $D$27) & " + " & MOD(G27, $D$27) & " P"))) | H28: =IF(H27=0, "", IF(MOD(H27, $D$27) = 0, H27/ $D$27, IF(INT(H27 / $D$27) = 0, MOD(H27, $D$27) & " P", INT(H27 / $D$27) & " + " & MOD(H27, $D$27) & " P"))) | I28: =IF(I27=0, "", IF(MOD(I27, $D$27) = 0, I27/ $D$27, IF(INT(I27 / $D$27) = 0, MOD(I27, $D$27) & " P", INT(I27 / $D$27) & " + " & MOD(I27, $D$27) & " P"))) | J28: =IF(J27=0, "", IF(MOD(J27, $D$27) = 0, J27/ $D$27, IF(INT(J27 / $D$27) = 0, MOD(J27, $D$27) & " P", INT(J27 / $D$27) & " + " & MOD(J27, $D$27) & " P"))) | K28: =IF(K27=0, "", IF(MOD(K27, $D$27) = 0, K27/ $D$27, IF(INT(K27 / $D$27) = 0, MOD(K27, $D$27) & " P", INT(K27 / $D$27) & " + " & MOD(K27, $D$27) & " P"))) | L28: =IF(L27=0, "", IF(MOD(L27, $D$27) = 0, L27/ $D$27, IF(INT(L27 / $D$27) = 0, MOD(L27, $D$27) & " P", INT(L27 / $D$27) & " + " & MOD(L27, $D$27) & " P"))) | ... P28: =IF(P27=0, "", IF(MOD(P27, $D$27) = 0, P27/ $D$27, IF(INT(P27 / $D$27) = 0, MOD(P27, $D$27) & " P", INT(P27 / $D$27) & " + " & MOD(P27, $D$27) & " P"))) | AK28: 34
B29: 8 | C29: องุ่นดำไร้เมล็ด 300 กรัม x20P | D29: 20 | Q29: =SUM(E29:P29) -> 0 | R29: ='บางบัวทอง-รถ'!C17 -> 0 | T29: =SUM(S29-Q29) -> 0 | V29: =SUM(E29,F29) -> 0 | W29: =SUM(G29,H29) -> 0 | X29: =SUM(I29,J29) -> 0 | Y29: =SUM(K29,L29,M29,) -> 0 | Z29: =SUM(N29,O29,P29) -> 0 | AK29: =IF(AK28=0, "", IF(MOD(AK28, $D$29) = 0, AK28/ $D$29, IF(INT(AK28 / $D$29) = 0, MOD(AK28, $D$29) & " P", INT(AK28 / $D$29) & " + " & MOD(AK28, $D$29) & " P"))) -> 1 + 14 P
C30: BlackGrapesSeedless300g. (8859388002562 ) | E30: =IF(E29=0, "", IF(MOD(E29, $D$29) = 0, E29/ $D$29, IF(INT(E29 / $D$29) = 0, MOD(E29, $D$29) & " P", INT(E29 / $D$29) & " + " & MOD(E29, $D$29) & " P"))) | F30: =IF(F29=0, "", IF(MOD(F29, $D$29) = 0, F29/ $D$29, IF(INT(F29 / $D$29) = 0, MOD(F29, $D$29) & " P", INT(F29 / $D$29) & " + " & MOD(F29, $D$29) & " P"))) | G30: =IF(G29=0, "", IF(MOD(G29, $D$29) = 0, G29/ $D$29, IF(INT(G29 / $D$29) = 0, MOD(G29, $D$29) & " P", INT(G29 / $D$29) & " + " & MOD(G29, $D$29) & " P"))) | H30: =IF(H29=0, "", IF(MOD(H29, $D$29) = 0, H29/ $D$29, IF(INT(H29 / $D$29) = 0, MOD(H29, $D$29) & " P", INT(H29 / $D$29) & " + " & MOD(H29, $D$29) & " P"))) | I30: =IF(I29=0, "", IF(MOD(I29, $D$29) = 0, I29/ $D$29, IF(INT(I29 / $D$29) = 0, MOD(I29, $D$29) & " P", INT(I29 / $D$29) & " + " & MOD(I29, $D$29) & " P"))) | J30: =IF(J29=0, "", IF(MOD(J29, $D$29) = 0, J29/ $D$29, IF(INT(J29 / $D$29) = 0, MOD(J29, $D$29) & " P", INT(J29 / $D$29) & " + " & MOD(J29, $D$29) & " P"))) | K30: =IF(K29=0, "", IF(MOD(K29, $D$29) = 0, K29/ $D$29, IF(INT(K29 / $D$29) = 0, MOD(K29, $D$29) & " P", INT(K29 / $D$29) & " + " & MOD(K29, $D$29) & " P"))) | L30: =IF(L29=0, "", IF(MOD(L29, $D$29) = 0, L29/ $D$29, IF(INT(L29 / $D$29) = 0, MOD(L29, $D$29) & " P", INT(L29 / $D$29) & " + " & MOD(L29, $D$29) & " P"))) | ... P30: =IF(P29=0, "", IF(MOD(P29, $D$29) = 0, P29/ $D$29, IF(INT(P29 / $D$29) = 0, MOD(P29, $D$29) & " P", INT(P29 / $D$29) & " + " & MOD(P29, $D$29) & " P"))) | AK30: 33
B31: 9 | C31: องุ่นไชน์มัสแคท 300 กรัมx 15 P | D31: 15 | Q31: =SUM(E31:P31) -> 0 | R31: ='บางบัวทอง-รถ'!C18 -> 0 | T31: =SUM(S31-Q31) -> 0 | V31: =SUM(E31,F31) -> 0 | W31: =SUM(G31,H31) -> 0 | X31: =SUM(I31,J31) -> 0 | Y31: =SUM(K31,L31,M31,) -> 0 | Z31: =SUM(N31,O31,P31) -> 0 | AK31: =IF(AK30=0, "", IF(MOD(AK30, $D$29) = 0, AK30/ $D$29, IF(INT(AK30 / $D$29) = 0, MOD(AK30, $D$29) & " P", INT(AK30 / $D$29) & " + " & MOD(AK30, $D$29) & " P"))) -> 1 + 13 P
C32: Shine Muscat 300g ( 88593880000189 ) | E32: =IF(E31=0, "", IF(MOD(E31, $D$31) = 0, E31/ $D$31, IF(INT(E31 / $D$31) = 0, MOD(E31, $D$31) & " P", INT(E31 / $D$31) & " + " & MOD(E31, $D$31) & " P"))) | F32: =IF(F31=0, "", IF(MOD(F31, $D$31) = 0, F31/ $D$31, IF(INT(F31 / $D$31) = 0, MOD(F31, $D$31) & " P", INT(F31 / $D$31) & " + " & MOD(F31, $D$31) & " P"))) | G32: =IF(G31=0, "", IF(MOD(G31, $D$31) = 0, G31/ $D$31, IF(INT(G31 / $D$31) = 0, MOD(G31, $D$31) & " P", INT(G31 / $D$31) & " + " & MOD(G31, $D$31) & " P"))) | H32: =IF(H31=0, "", IF(MOD(H31, $D$31) = 0, H31/ $D$31, IF(INT(H31 / $D$31) = 0, MOD(H31, $D$31) & " P", INT(H31 / $D$31) & " + " & MOD(H31, $D$31) & " P"))) | I32: =IF(I31=0, "", IF(MOD(I31, $D$31) = 0, I31/ $D$31, IF(INT(I31 / $D$31) = 0, MOD(I31, $D$31) & " P", INT(I31 / $D$31) & " + " & MOD(I31, $D$31) & " P"))) | J32: =IF(J31=0, "", IF(MOD(J31, $D$31) = 0, J31/ $D$31, IF(INT(J31 / $D$31) = 0, MOD(J31, $D$31) & " P", INT(J31 / $D$31) & " + " & MOD(J31, $D$31) & " P"))) | K32: =IF(K31=0, "", IF(MOD(K31, $D$31) = 0, K31/ $D$31, IF(INT(K31 / $D$31) = 0, MOD(K31, $D$31) & " P", INT(K31 / $D$31) & " + " & MOD(K31, $D$31) & " P"))) | L32: =IF(L31=0, "", IF(MOD(L31, $D$31) = 0, L31/ $D$31, IF(INT(L31 / $D$31) = 0, MOD(L31, $D$31) & " P", INT(L31 / $D$31) & " + " & MOD(L31, $D$31) & " P"))) | ... P32: =IF(P31=0, "", IF(MOD(P31, $D$31) = 0, P31/ $D$31, IF(INT(P31 / $D$31) = 0, MOD(P31, $D$31) & " P", INT(P31 / $D$31) & " + " & MOD(P31, $D$31) & " P"))) | AK32: 33
B33: 10 | C33: แอปเปิ้ลแดงวอชิงตันลูกเดี่ยว x 45 P | D33: 45 | Q33: =SUM(E33:P33) -> 0 | R33: ='บางบัวทอง-รถ'!C19 -> 0 | T33: =SUM(S33-Q33) -> 0 | V33: =SUM(E33,F33) -> 0 | W33: =SUM(G33,H33) -> 0 | X33: =SUM(I33,J33) -> 0 | Y33: =SUM(K33,L33,M33,) -> 0 | Z33: =SUM(N33,O33,P33) -> 0 | AK33: =IF(AK28=0, "", IF(MOD(AK28, $D$35) = 0, AK28/ $D$35, IF(INT(AK28 / $D$35) = 0, MOD(AK28, $D$35) & " P", INT(AK28 / $D$35) & " + " & MOD(AK28, $D$35) & " P"))) -> 2 + 4 P
C34: Washington ( 8859388000759 ) | E34: =IF(E33=0, "", IF(MOD(E33, $D$33) = 0, E33/ $D$33, IF(INT(E33 / $D$33) = 0, MOD(E33, $D$33) & " P", INT(E33 / $D$33) & " + " & MOD(E33, $D$33) & " P"))) | F34: =IF(F33=0, "", IF(MOD(F33, $D$33) = 0, F33/ $D$33, IF(INT(F33 / $D$33) = 0, MOD(F33, $D$33) & " P", INT(F33 / $D$33) & " + " & MOD(F33, $D$33) & " P"))) | G34: =IF(G33=0, "", IF(MOD(G33, $D$33) = 0, G33/ $D$33, IF(INT(G33 / $D$33) = 0, MOD(G33, $D$33) & " P", INT(G33 / $D$33) & " + " & MOD(G33, $D$33) & " P"))) | H34: =IF(H33=0, "", IF(MOD(H33, $D$33) = 0, H33/ $D$33, IF(INT(H33 / $D$33) = 0, MOD(H33, $D$33) & " P", INT(H33 / $D$33) & " + " & MOD(H33, $D$33) & " P"))) | I34: =IF(I33=0, "", IF(MOD(I33, $D$33) = 0, I33/ $D$33, IF(INT(I33 / $D$33) = 0, MOD(I33, $D$33) & " P", INT(I33 / $D$33) & " + " & MOD(I33, $D$33) & " P"))) | J34: =IF(J33=0, "", IF(MOD(J33, $D$33) = 0, J33/ $D$33, IF(INT(J33 / $D$33) = 0, MOD(J33, $D$33) & " P", INT(J33 / $D$33) & " + " & MOD(J33, $D$33) & " P"))) | K34: =IF(K33=0, "", IF(MOD(K33, $D$33) = 0, K33/ $D$33, IF(INT(K33 / $D$33) = 0, MOD(K33, $D$33) & " P", INT(K33 / $D$33) & " + " & MOD(K33, $D$33) & " P"))) | L34: =IF(L33=0, "", IF(MOD(L33, $D$33) = 0, L33/ $D$33, IF(INT(L33 / $D$33) = 0, MOD(L33, $D$33) & " P", INT(L33 / $D$33) & " + " & MOD(L33, $D$33) & " P"))) | ... P34: =IF(P33=0, "", IF(MOD(P33, $D$33) = 0, P33/ $D$33, IF(INT(P33 / $D$33) = 0, MOD(P33, $D$33) & " P", INT(P33 / $D$33) & " + " & MOD(P33, $D$33) & " P")))
B35: 11 | C35: องุ่นสวีทแซฟไฟร์300 กรัม x 15 P | D35: 15 | Q35: =SUM(E35:P35) -> 0 | R35: ='บางบัวทอง-รถ'!C20 -> 0 | T35: =SUM(S35-Q35) -> 0 | V35: =SUM(E35,F35) -> 0 | W35: =SUM(G35,H35) -> 0 | X35: =SUM(I35,J35) -> 0 | Y35: =SUM(K35,L35,M35,) -> 0 | Z35: =SUM(N35,O35,P35) -> 0 | AK35: =IF(AK30=0, "", IF(MOD(AK30, $D$35) = 0, AK30/ $D$35, IF(INT(AK30 / $D$35) = 0, MOD(AK30, $D$35) & " P", INT(AK30 / $D$35) & " + " & MOD(AK30, $D$35) & " P"))) -> 2 + 3 P
C36: Sweet Sapphire ( 8859388000223 ) | E36: =IF(E35=0, "", IF(MOD(E35, $D$35) = 0, E35/ $D$35, IF(INT(E35 / $D$35) = 0, MOD(E35, $D$35) & " P", INT(E35 / $D$35) & " + " & MOD(E35, $D$35) & " P"))) | F36: =IF(F35=0, "", IF(MOD(F35, $D$35) = 0, F35/ $D$35, IF(INT(F35 / $D$35) = 0, MOD(F35, $D$35) & " P", INT(F35 / $D$35) & " + " & MOD(F35, $D$35) & " P"))) | G36: =IF(G35=0, "", IF(MOD(G35, $D$35) = 0, G35/ $D$35, IF(INT(G35 / $D$35) = 0, MOD(G35, $D$35) & " P", INT(G35 / $D$35) & " + " & MOD(G35, $D$35) & " P"))) | H36: =IF(H35=0, "", IF(MOD(H35, $D$35) = 0, H35/ $D$35, IF(INT(H35 / $D$35) = 0, MOD(H35, $D$35) & " P", INT(H35 / $D$35) & " + " & MOD(H35, $D$35) & " P"))) | I36: =IF(I35=0, "", IF(MOD(I35, $D$35) = 0, I35/ $D$35, IF(INT(I35 / $D$35) = 0, MOD(I35, $D$35) & " P", INT(I35 / $D$35) & " + " & MOD(I35, $D$35) & " P"))) | J36: =IF(J35=0, "", IF(MOD(J35, $D$35) = 0, J35/ $D$35, IF(INT(J35 / $D$35) = 0, MOD(J35, $D$35) & " P", INT(J35 / $D$35) & " + " & MOD(J35, $D$35) & " P"))) | K36: =IF(K35=0, "", IF(MOD(K35, $D$35) = 0, K35/ $D$35, IF(INT(K35 / $D$35) = 0, MOD(K35, $D$35) & " P", INT(K35 / $D$35) & " + " & MOD(K35, $D$35) & " P"))) | L36: =IF(L35=0, "", IF(MOD(L35, $D$35) = 0, L35/ $D$35, IF(INT(L35 / $D$35) = 0, MOD(L35, $D$35) & " P", INT(L35 / $D$35) & " + " & MOD(L35, $D$35) & " P"))) | ... P36: =IF(P35=0, "", IF(MOD(P35, $D$35) = 0, P35/ $D$35, IF(INT(P35 / $D$35) = 0, MOD(P35, $D$35) & " P", INT(P35 / $D$35) & " + " & MOD(P35, $D$35) & " P")))
B37: 12 | C37: แอปเปิ้ลเจ้าหญิง 200 กรัม x 27 P | D37: 27 | Q37: =SUM(E37:P37) -> 0 | R37: ='บางบัวทอง-รถ'!C21 -> 0 | T37: =SUM(S37-Q37) -> 0 | V37: =SUM(E37,F37) -> 0 | W37: =SUM(G37,H37) -> 0 | X37: =SUM(I37,J37) -> 0 | Y37: =SUM(K37,L37,M37,) -> 0 | Z37: =SUM(N37,O37,P37) -> 0 | AK37: =IF(AK32=0, "", IF(MOD(AK32, $D$35) = 0, AK32/ $D$35, IF(INT(AK32 / $D$35) = 0, MOD(AK32, $D$35) & " P", INT(AK32 / $D$35) & " + " & MOD(AK32, $D$35) & " P"))) -> 2 + 3 P
C38: Princess Apple (8859388001060 ) | E38: =IF(E37=0, "", IF(MOD(E37, $D$37) = 0, E37/ $D$37, IF(INT(E37 / $D$37) = 0, MOD(E37, $D$37) & " P", INT(E37 / $D$37) & " + " & MOD(E37, $D$37) & " P"))) | F38: =IF(F37=0, "", IF(MOD(F37, $D$37) = 0, F37/ $D$37, IF(INT(F37 / $D$37) = 0, MOD(F37, $D$37) & " P", INT(F37 / $D$37) & " + " & MOD(F37, $D$37) & " P"))) | G38: =IF(G37=0, "", IF(MOD(G37, $D$37) = 0, G37/ $D$37, IF(INT(G37 / $D$37) = 0, MOD(G37, $D$37) & " P", INT(G37 / $D$37) & " + " & MOD(G37, $D$37) & " P"))) | H38: =IF(H37=0, "", IF(MOD(H37, $D$37) = 0, H37/ $D$37, IF(INT(H37 / $D$37) = 0, MOD(H37, $D$37) & " P", INT(H37 / $D$37) & " + " & MOD(H37, $D$37) & " P"))) | I38: =IF(I37=0, "", IF(MOD(I37, $D$37) = 0, I37/ $D$37, IF(INT(I37 / $D$37) = 0, MOD(I37, $D$37) & " P", INT(I37 / $D$37) & " + " & MOD(I37, $D$37) & " P"))) | J38: =IF(J37=0, "", IF(MOD(J37, $D$37) = 0, J37/ $D$37, IF(INT(J37 / $D$37) = 0, MOD(J37, $D$37) & " P", INT(J37 / $D$37) & " + " & MOD(J37, $D$37) & " P"))) | K38: =IF(K37=0, "", IF(MOD(K37, $D$37) = 0, K37/ $D$37, IF(INT(K37 / $D$37) = 0, MOD(K37, $D$37) & " P", INT(K37 / $D$37) & " + " & MOD(K37, $D$37) & " P"))) | L38: =IF(L37=0, "", IF(MOD(L37, $D$37) = 0, L37/ $D$37, IF(INT(L37 / $D$37) = 0, MOD(L37, $D$37) & " P", INT(L37 / $D$37) & " + " & MOD(L37, $D$37) & " P"))) | ... P38: =IF(P37=0, "", IF(MOD(P37, $D$37) = 0, P37/ $D$37, IF(INT(P37 / $D$37) = 0, MOD(P37, $D$37) & " P", INT(P37 / $D$37) & " + " & MOD(P37, $D$37) & " P")))
B39: 13 | C39: องุ่นเคียวโฮ 300 กรัม x 15 P | D39: 15 | Q39: =SUM(E39:P39) -> 0 | R39: ='บางบัวทอง-รถ'!C22 -> 0 | T39: =SUM(S39-Q39) -> 0 | V39: =SUM(E39,F39) -> 0 | W39: =SUM(G39,H39) -> 0 | X39: =SUM(I39,J39) -> 0 | Y39: =SUM(K39,L39,M39,) -> 0 | Z39: =SUM(N39,O39,P39) -> 0 | AK39: =IF(AK34=0, "", IF(MOD(AK34, $D$35) = 0, AK34/ $D$35, IF(INT(AK34 / $D$35) = 0, MOD(AK34, $D$35) & " P", INT(AK34 / $D$35) & " + " & MOD(AK34, $D$35) & " P")))
C40: Kyoho Grape (888593880000063 ) | E40: =IF(E39=0, "", IF(MOD(E39, $D$39) = 0, E39/ $D$39, IF(INT(E39 / $D$39) = 0, MOD(E39, $D$39) & " P", INT(E39 / $D$39) & " + " & MOD(E39, $D$39) & " P"))) | F40: =IF(F39=0, "", IF(MOD(F39, $D$39) = 0, F39/ $D$39, IF(INT(F39 / $D$39) = 0, MOD(F39, $D$39) & " P", INT(F39 / $D$39) & " + " & MOD(F39, $D$39) & " P"))) | G40: =IF(G39=0, "", IF(MOD(G39, $D$39) = 0, G39/ $D$39, IF(INT(G39 / $D$39) = 0, MOD(G39, $D$39) & " P", INT(G39 / $D$39) & " + " & MOD(G39, $D$39) & " P"))) | H40: =IF(H39=0, "", IF(MOD(H39, $D$39) = 0, H39/ $D$39, IF(INT(H39 / $D$39) = 0, MOD(H39, $D$39) & " P", INT(H39 / $D$39) & " + " & MOD(H39, $D$39) & " P"))) | I40: =IF(I39=0, "", IF(MOD(I39, $D$39) = 0, I39/ $D$39, IF(INT(I39 / $D$39) = 0, MOD(I39, $D$39) & " P", INT(I39 / $D$39) & " + " & MOD(I39, $D$39) & " P"))) | J40: =IF(J39=0, "", IF(MOD(J39, $D$39) = 0, J39/ $D$39, IF(INT(J39 / $D$39) = 0, MOD(J39, $D$39) & " P", INT(J39 / $D$39) & " + " & MOD(J39, $D$39) & " P"))) | K40: =IF(K39=0, "", IF(MOD(K39, $D$39) = 0, K39/ $D$39, IF(INT(K39 / $D$39) = 0, MOD(K39, $D$39) & " P", INT(K39 / $D$39) & " + " & MOD(K39, $D$39) & " P"))) | L40: =IF(L39=0, "", IF(MOD(L39, $D$39) = 0, L39/ $D$39, IF(INT(L39 / $D$39) = 0, MOD(L39, $D$39) & " P", INT(L39 / $D$39) & " + " & MOD(L39, $D$39) & " P"))) | ... P40: =IF(P39=0, "", IF(MOD(P39, $D$39) = 0, P39/ $D$39, IF(INT(P39 / $D$39) = 0, MOD(P39, $D$39) & " P", INT(P39 / $D$39) & " + " & MOD(P39, $D$39) & " P")))
B41: 14 | C41: ลูกไหนจิ๋ว 200 g. x 27 p | D41: 27 | Q41: =SUM(E41:P41) -> 0 | R41: ='บางบัวทอง-รถ'!C23 -> 0 | T41: =SUM(S41-Q41) -> 0 | V41: =SUM(E41,F41) -> 0 | W41: =SUM(G41,H41) -> 0 | X41: =SUM(I41,J41) -> 0 | Y41: =SUM(K41,L41,M41,) -> 0 | Z41: =SUM(N41,O41,P41) -> 0 | AK41: =IF(AK36=0, "", IF(MOD(AK36, $D$35) = 0, AK36/ $D$35, IF(INT(AK36 / $D$35) = 0, MOD(AK36, $D$35) & " P", INT(AK36 / $D$35) & " + " & MOD(AK36, $D$35) & " P")))
C42: Plum 200 g. ( 8859388001091 ) | E42: =IF(E41=0, "", IF(MOD(E41, $D$41) = 0, E41/ $D$41, IF(INT(E41 / $D$41) = 0, MOD(E41, $D$41) & " P", INT(E41 / $D$41) & " + " & MOD(E41, $D$41) & " P"))) | F42: =IF(F41=0, "", IF(MOD(F41, $D$41) = 0, F41/ $D$41, IF(INT(F41 / $D$41) = 0, MOD(F41, $D$41) & " P", INT(F41 / $D$41) & " + " & MOD(F41, $D$41) & " P"))) | G42: =IF(G41=0, "", IF(MOD(G41, $D$41) = 0, G41/ $D$41, IF(INT(G41 / $D$41) = 0, MOD(G41, $D$41) & " P", INT(G41 / $D$41) & " + " & MOD(G41, $D$41) & " P"))) | H42: =IF(H41=0, "", IF(MOD(H41, $D$41) = 0, H41/ $D$41, IF(INT(H41 / $D$41) = 0, MOD(H41, $D$41) & " P", INT(H41 / $D$41) & " + " & MOD(H41, $D$41) & " P"))) | I42: =IF(I41=0, "", IF(MOD(I41, $D$41) = 0, I41/ $D$41, IF(INT(I41 / $D$41) = 0, MOD(I41, $D$41) & " P", INT(I41 / $D$41) & " + " & MOD(I41, $D$41) & " P"))) | J42: =IF(J41=0, "", IF(MOD(J41, $D$41) = 0, J41/ $D$41, IF(INT(J41 / $D$41) = 0, MOD(J41, $D$41) & " P", INT(J41 / $D$41) & " + " & MOD(J41, $D$41) & " P"))) | K42: =IF(K41=0, "", IF(MOD(K41, $D$41) = 0, K41/ $D$41, IF(INT(K41 / $D$41) = 0, MOD(K41, $D$41) & " P", INT(K41 / $D$41) & " + " & MOD(K41, $D$41) & " P"))) | L42: =IF(L41=0, "", IF(MOD(L41, $D$41) = 0, L41/ $D$41, IF(INT(L41 / $D$41) = 0, MOD(L41, $D$41) & " P", INT(L41 / $D$41) & " + " & MOD(L41, $D$41) & " P"))) | ... P42: =IF(P41=0, "", IF(MOD(P41, $D$41) = 0, P41/ $D$41, IF(INT(P41 / $D$41) = 0, MOD(P41, $D$41) & " P", INT(P41 / $D$41) & " + " & MOD(P41, $D$41) & " P")))
B43: 15 | C43: องุ่นแดงไร้เมล็ด 300 g. x 20 p | D43: 20 | Q43: =SUM(E43:P43) -> 0 | R43: ='บางบัวทอง-รถ'!C24 -> 0 | T43: =SUM(S43-Q43) -> 0 | V43: =SUM(E43,F43) -> 0 | W43: =SUM(G43,H43) -> 0 | X43: =SUM(I43,J43) -> 0 | Y43: =SUM(K43,L43,M43,) -> 0 | Z43: =SUM(N43,O43,P43) -> 0 | AK43: =IF(AK34=0, "", IF(MOD(AK34, $D$35) = 0, AK34/ $D$35, IF(INT(AK34 / $D$35) = 0, MOD(AK34, $D$35) & " P", INT(AK34 / $D$35) & " + " & MOD(AK34, $D$35) & " P")))
C44: Red Seedless 300 g.( 8859388001084 ) | E44: =IF(E43=0, "", IF(MOD(E43, $D$43) = 0, E43/ $D$43, IF(INT(E43 / $D$43) = 0, MOD(E43, $D$43) & " P", INT(E43 / $D$43) & " + " & MOD(E43, $D$43) & " P"))) | F44: =IF(F43=0, "", IF(MOD(F43, $D$43) = 0, F43/ $D$43, IF(INT(F43 / $D$43) = 0, MOD(F43, $D$43) & " P", INT(F43 / $D$43) & " + " & MOD(F43, $D$43) & " P"))) | G44: =IF(G43=0, "", IF(MOD(G43, $D$43) = 0, G43/ $D$43, IF(INT(G43 / $D$43) = 0, MOD(G43, $D$43) & " P", INT(G43 / $D$43) & " + " & MOD(G43, $D$43) & " P"))) | H44: =IF(H43=0, "", IF(MOD(H43, $D$43) = 0, H43/ $D$43, IF(INT(H43 / $D$43) = 0, MOD(H43, $D$43) & " P", INT(H43 / $D$43) & " + " & MOD(H43, $D$43) & " P"))) | I44: =IF(I43=0, "", IF(MOD(I43, $D$43) = 0, I43/ $D$43, IF(INT(I43 / $D$43) = 0, MOD(I43, $D$43) & " P", INT(I43 / $D$43) & " + " & MOD(I43, $D$43) & " P"))) | J44: =IF(J43=0, "", IF(MOD(J43, $D$43) = 0, J43/ $D$43, IF(INT(J43 / $D$43) = 0, MOD(J43, $D$43) & " P", INT(J43 / $D$43) & " + " & MOD(J43, $D$43) & " P"))) | K44: =IF(K43=0, "", IF(MOD(K43, $D$43) = 0, K43/ $D$43, IF(INT(K43 / $D$43) = 0, MOD(K43, $D$43) & " P", INT(K43 / $D$43) & " + " & MOD(K43, $D$43) & " P"))) | L44: =IF(L43=0, "", IF(MOD(L43, $D$43) = 0, L43/ $D$43, IF(INT(L43 / $D$43) = 0, MOD(L43, $D$43) & " P", INT(L43 / $D$43) & " + " & MOD(L43, $D$43) & " P"))) | ... P44: =IF(P43=0, "", IF(MOD(P43, $D$43) = 0, P43/ $D$43, IF(INT(P43 / $D$43) = 0, MOD(P43, $D$43) & " P", INT(P43 / $D$43) & " + " & MOD(P43, $D$43) & " P")))
B45: 16 | C45: เบอร์รี่ดูโอ้ 160 กรัม x 32 P | D45: 32 | Q45: =SUM(E45:P45) -> 0 | R45: ='บางบัวทอง-รถ'!C25 -> 0 | T45: =SUM(S45-Q45) -> 0 | V45: =SUM(E45,F45) -> 0 | W45: =SUM(G45,H45) -> 0 | X45: =SUM(I45,J45) -> 0 | Y45: =SUM(K45,L45,M45,) -> 0 | Z45: =SUM(N45,O45,P45) -> 0 | AK45: =IF(AK36=0, "", IF(MOD(AK36, $D$35) = 0, AK36/ $D$35, IF(INT(AK36 / $D$35) = 0, MOD(AK36, $D$35) & " P", INT(AK36 / $D$35) & " + " & MOD(AK36, $D$35) & " P")))
C46: Berry Duo 160g. ( 8859388010239 ) | E46: =IF(E45=0, "", IF(MOD(E45, $D$45) = 0, E45/ $D$45, IF(INT(E45 / $D$45) = 0, MOD(E45, $D$45) & " P", INT(E45 / $D$45) & " + " & MOD(E45, $D$45) & " P"))) | F46: =IF(F45=0, "", IF(MOD(F45, $D$45) = 0, F45/ $D$45, IF(INT(F45 / $D$45) = 0, MOD(F45, $D$45) & " P", INT(F45 / $D$45) & " + " & MOD(F45, $D$45) & " P"))) | G46: =IF(G45=0, "", IF(MOD(G45, $D$45) = 0, G45/ $D$45, IF(INT(G45 / $D$45) = 0, MOD(G45, $D$45) & " P", INT(G45 / $D$45) & " + " & MOD(G45, $D$45) & " P"))) | H46: =IF(H45=0, "", IF(MOD(H45, $D$45) = 0, H45/ $D$45, IF(INT(H45 / $D$45) = 0, MOD(H45, $D$45) & " P", INT(H45 / $D$45) & " + " & MOD(H45, $D$45) & " P"))) | I46: =IF(I45=0, "", IF(MOD(I45, $D$45) = 0, I45/ $D$45, IF(INT(I45 / $D$45) = 0, MOD(I45, $D$45) & " P", INT(I45 / $D$45) & " + " & MOD(I45, $D$45) & " P"))) | J46: =IF(J45=0, "", IF(MOD(J45, $D$45) = 0, J45/ $D$45, IF(INT(J45 / $D$45) = 0, MOD(J45, $D$45) & " P", INT(J45 / $D$45) & " + " & MOD(J45, $D$45) & " P"))) | K46: =IF(K45=0, "", IF(MOD(K45, $D$45) = 0, K45/ $D$45, IF(INT(K45 / $D$45) = 0, MOD(K45, $D$45) & " P", INT(K45 / $D$45) & " + " & MOD(K45, $D$45) & " P"))) | L46: =IF(L45=0, "", IF(MOD(L45, $D$45) = 0, L45/ $D$45, IF(INT(L45 / $D$45) = 0, MOD(L45, $D$45) & " P", INT(L45 / $D$45) & " + " & MOD(L45, $D$45) & " P"))) | ... P46: =IF(P45=0, "", IF(MOD(P45, $D$45) = 0, P45/ $D$45, IF(INT(P45 / $D$45) = 0, MOD(P45, $D$45) & " P", INT(P45 / $D$45) & " + " & MOD(P45, $D$45) & " P")))
B47: 17 | C47: สาลี่ทอง แพ็ก 2 ผล (400g.) x 15 P | D47: 15 | Q47: =SUM(E47:P47) -> 0 | R47: ='บางบัวทอง-รถ'!C26 -> 0 | T47: =SUM(S47-Q47) -> 0 | V47: =SUM(E47,F47) -> 0 | W47: =SUM(G47,H47) -> 0 | X47: =SUM(I47,J47) -> 0 | Y47: =SUM(K47,L47,M47,) -> 0 | Z47: =SUM(N47,O47,P47) -> 0 | AK47: =IF(AK36=0, "", IF(MOD(AK36, $D$35) = 0, AK36/ $D$35, IF(INT(AK36 / $D$35) = 0, MOD(AK36, $D$35) & " P", INT(AK36 / $D$35) & " + " & MOD(AK36, $D$35) & " P")))
C48: Pear 400g (8859388010284 ) | E48: =IF(E47=0, "", IF(MOD(E47, $D$47) = 0, E47/ $D$47, IF(INT(E47 / $D$47) = 0, MOD(E47, $D$47) & " P", INT(E47 / $D$47) & " + " & MOD(E47, $D$47) & " P"))) | F48: =IF(F47=0, "", IF(MOD(F47, $D$47) = 0, F47/ $D$47, IF(INT(F47 / $D$47) = 0, MOD(F47, $D$47) & " P", INT(F47 / $D$47) & " + " & MOD(F47, $D$47) & " P"))) | G48: =IF(G47=0, "", IF(MOD(G47, $D$47) = 0, G47/ $D$47, IF(INT(G47 / $D$47) = 0, MOD(G47, $D$47) & " P", INT(G47 / $D$47) & " + " & MOD(G47, $D$47) & " P"))) | H48: =IF(H47=0, "", IF(MOD(H47, $D$47) = 0, H47/ $D$47, IF(INT(H47 / $D$47) = 0, MOD(H47, $D$47) & " P", INT(H47 / $D$47) & " + " & MOD(H47, $D$47) & " P"))) | I48: =IF(I47=0, "", IF(MOD(I47, $D$47) = 0, I47/ $D$47, IF(INT(I47 / $D$47) = 0, MOD(I47, $D$47) & " P", INT(I47 / $D$47) & " + " & MOD(I47, $D$47) & " P"))) | J48: =IF(J47=0, "", IF(MOD(J47, $D$47) = 0, J47/ $D$47, IF(INT(J47 / $D$47) = 0, MOD(J47, $D$47) & " P", INT(J47 / $D$47) & " + " & MOD(J47, $D$47) & " P"))) | K48: =IF(K47=0, "", IF(MOD(K47, $D$47) = 0, K47/ $D$47, IF(INT(K47 / $D$47) = 0, MOD(K47, $D$47) & " P", INT(K47 / $D$47) & " + " & MOD(K47, $D$47) & " P"))) | L48: =IF(L47=0, "", IF(MOD(L47, $D$47) = 0, L47/ $D$47, IF(INT(L47 / $D$47) = 0, MOD(L47, $D$47) & " P", INT(L47 / $D$47) & " + " & MOD(L47, $D$47) & " P"))) | ... P48: =IF(P47=0, "", IF(MOD(P47, $D$47) = 0, P47/ $D$47, IF(INT(P47 / $D$47) = 0, MOD(P47, $D$47) & " P", INT(P47 / $D$47) & " + " & MOD(P47, $D$47) & " P")))
B49: 18 | C49: สาลี่ทอง แพ็ก 4 ผล (800g.) x 8 P | D49: 8 | Q49: =SUM(E49:P49) -> 0 | R49: ='บางบัวทอง-รถ'!C27 -> 0 | T49: =SUM(S49-Q49) -> 0 | V49: =SUM(E49,F49) -> 0 | W49: =SUM(G49,H49) -> 0 | X49: =SUM(I49,J49) -> 0 | Y49: =SUM(K49,L49,M49,) -> 0 | Z49: =SUM(N49,O49,P49) -> 0 | AK49: =IF(AK40=0, "", IF(MOD(AK40, $D$35) = 0, AK40/ $D$35, IF(INT(AK40 / $D$35) = 0, MOD(AK40, $D$35) & " P", INT(AK40 / $D$35) & " + " & MOD(AK40, $D$35) & " P")))
C50: Pear 800g (8859388010277 ) | E50: =IF(E49=0, "", IF(MOD(E49, $D$49) = 0, E49/ $D$49, IF(INT(E49 / $D$49) = 0, MOD(E49, $D$49) & " P", INT(E49 / $D$49) & " + " & MOD(E49, $D$49) & " P"))) | F50: =IF(F49=0, "", IF(MOD(F49, $D$49) = 0, F49/ $D$49, IF(INT(F49 / $D$49) = 0, MOD(F49, $D$49) & " P", INT(F49 / $D$49) & " + " & MOD(F49, $D$49) & " P"))) | G50: =IF(G49=0, "", IF(MOD(G49, $D$49) = 0, G49/ $D$49, IF(INT(G49 / $D$49) = 0, MOD(G49, $D$49) & " P", INT(G49 / $D$49) & " + " & MOD(G49, $D$49) & " P"))) | H50: =IF(H49=0, "", IF(MOD(H49, $D$49) = 0, H49/ $D$49, IF(INT(H49 / $D$49) = 0, MOD(H49, $D$49) & " P", INT(H49 / $D$49) & " + " & MOD(H49, $D$49) & " P"))) | I50: =IF(I49=0, "", IF(MOD(I49, $D$49) = 0, I49/ $D$49, IF(INT(I49 / $D$49) = 0, MOD(I49, $D$49) & " P", INT(I49 / $D$49) & " + " & MOD(I49, $D$49) & " P"))) | J50: =IF(J49=0, "", IF(MOD(J49, $D$49) = 0, J49/ $D$49, IF(INT(J49 / $D$49) = 0, MOD(J49, $D$49) & " P", INT(J49 / $D$49) & " + " & MOD(J49, $D$49) & " P"))) | K50: =IF(K49=0, "", IF(MOD(K49, $D$49) = 0, K49/ $D$49, IF(INT(K49 / $D$49) = 0, MOD(K49, $D$49) & " P", INT(K49 / $D$49) & " + " & MOD(K49, $D$49) & " P"))) | L50: =IF(L49=0, "", IF(MOD(L49, $D$49) = 0, L49/ $D$49, IF(INT(L49 / $D$49) = 0, MOD(L49, $D$49) & " P", INT(L49 / $D$49) & " + " & MOD(L49, $D$49) & " P"))) | ... P50: =IF(P49=0, "", IF(MOD(P49, $D$49) = 0, P49/ $D$49, IF(INT(P49 / $D$49) = 0, MOD(P49, $D$49) & " P", INT(P49 / $D$49) & " + " & MOD(P49, $D$49) & " P")))
B51: รวมยอดตะกร้า | E51: =-SUM(ROUNDUP(E15/$D$15,0), ROUNDUP(E17/$D$17,0), ROUNDUP(E19/$D$19,0), ROUNDUP(E21/$D$21,0), ROUNDUP(E23/$D$23,0), ROUNDUP(E25/$D$25,0), ROUNDUP(E27/$D$27,0), ROUNDUP(E29/$D$29,0), ROUNDUP(E31/$D$31,0), ROUNDUP(E33/$D$33,0), ROUNDUP(E35/$D$35,0), ROUNDUP(E37/$D$37,0), ROUNDUP(E39/$D$39,0), ROUNDUP(E41/$D$41,0), ROUNDUP(E43/$D$43,0), ROUNDUP(E45/$D$45,0), ROUNDUP(E47/$D$47,0), ROUNDUP(E49/$D$49,0)) -> 0 | F51: =-SUM(ROUNDUP(F15/$D$15,0), ROUNDUP(F17/$D$17,0), ROUNDUP(F19/$D$19,0), ROUNDUP(F21/$D$21,0), ROUNDUP(F23/$D$23,0), ROUNDUP(F25/$D$25,0), ROUNDUP(F27/$D$27,0), ROUNDUP(F29/$D$29,0), ROUNDUP(F31/$D$31,0), ROUNDUP(F33/$D$33,0), ROUNDUP(F35/$D$35,0), ROUNDUP(F37/$D$37,0), ROUNDUP(F39/$D$39,0), ROUNDUP(F41/$D$41,0), ROUNDUP(F43/$D$43,0), ROUNDUP(F45/$D$45,0), ROUNDUP(F47/$D$47,0), ROUNDUP(F49/$D$49,0)) -> 0 | G51: =-SUM(ROUNDUP(G15/$D$15,0), ROUNDUP(G17/$D$17,0), ROUNDUP(G19/$D$19,0), ROUNDUP(G21/$D$21,0), ROUNDUP(G23/$D$23,0), ROUNDUP(G25/$D$25,0), ROUNDUP(G27/$D$27,0), ROUNDUP(G29/$D$29,0), ROUNDUP(G31/$D$31,0), ROUNDUP(G33/$D$33,0), ROUNDUP(G35/$D$35,0), ROUNDUP(G37/$D$37,0), ROUNDUP(G39/$D$39,0), ROUNDUP(G41/$D$41,0), ROUNDUP(G43/$D$43,0), ROUNDUP(G45/$D$45,0), ROUNDUP(G47/$D$47,0), ROUNDUP(G49/$D$49,0)) -> 0 | H51: =-SUM(ROUNDUP(H15/$D$15,0), ROUNDUP(H17/$D$17,0), ROUNDUP(H19/$D$19,0), ROUNDUP(H21/$D$21,0), ROUNDUP(H23/$D$23,0), ROUNDUP(H25/$D$25,0), ROUNDUP(H27/$D$27,0), ROUNDUP(H29/$D$29,0), ROUNDUP(H31/$D$31,0), ROUNDUP(H33/$D$33,0), ROUNDUP(H35/$D$35,0), ROUNDUP(H37/$D$37,0), ROUNDUP(H39/$D$39,0), ROUNDUP(H41/$D$41,0), ROUNDUP(H43/$D$43,0), ROUNDUP(H45/$D$45,0), ROUNDUP(H47/$D$47,0), ROUNDUP(H49/$D$49,0)) -> 0 | I51: =-SUM(ROUNDUP(I15/$D$15,0), ROUNDUP(I17/$D$17,0), ROUNDUP(I19/$D$19,0), ROUNDUP(I21/$D$21,0), ROUNDUP(I23/$D$23,0), ROUNDUP(I25/$D$25,0), ROUNDUP(I27/$D$27,0), ROUNDUP(I29/$D$29,0), ROUNDUP(I31/$D$31,0), ROUNDUP(I33/$D$33,0), ROUNDUP(I35/$D$35,0), ROUNDUP(I37/$D$37,0), ROUNDUP(I39/$D$39,0), ROUNDUP(I41/$D$41,0), ROUNDUP(I43/$D$43,0), ROUNDUP(I45/$D$45,0), ROUNDUP(I47/$D$47,0), ROUNDUP(I49/$D$49,0)) -> 0 | J51: =-SUM(ROUNDUP(J15/$D$15,0), ROUNDUP(J17/$D$17,0), ROUNDUP(J19/$D$19,0), ROUNDUP(J21/$D$21,0), ROUNDUP(J23/$D$23,0), ROUNDUP(J25/$D$25,0), ROUNDUP(J27/$D$27,0), ROUNDUP(J29/$D$29,0), ROUNDUP(J31/$D$31,0), ROUNDUP(J33/$D$33,0), ROUNDUP(J35/$D$35,0), ROUNDUP(J37/$D$37,0), ROUNDUP(J39/$D$39,0), ROUNDUP(J41/$D$41,0), ROUNDUP(J43/$D$43,0), ROUNDUP(J45/$D$45,0), ROUNDUP(J47/$D$47,0), ROUNDUP(J49/$D$49,0)) -> 0 | K51: =-SUM(ROUNDUP(K15/$D$15,0), ROUNDUP(K17/$D$17,0), ROUNDUP(K19/$D$19,0), ROUNDUP(K21/$D$21,0), ROUNDUP(K23/$D$23,0), ROUNDUP(K25/$D$25,0), ROUNDUP(K27/$D$27,0), ROUNDUP(K29/$D$29,0), ROUNDUP(K31/$D$31,0), ROUNDUP(K33/$D$33,0), ROUNDUP(K35/$D$35,0), ROUNDUP(K37/$D$37,0), ROUNDUP(K39/$D$39,0), ROUNDUP(K41/$D$41,0), ROUNDUP(K43/$D$43,0), ROUNDUP(K45/$D$45,0), ROUNDUP(K47/$D$47,0), ROUNDUP(K49/$D$49,0)) -> 0 | L51: =-SUM(ROUNDUP(L15/$D$15,0), ROUNDUP(L17/$D$17,0), ROUNDUP(L19/$D$19,0), ROUNDUP(L21/$D$21,0), ROUNDUP(L23/$D$23,0), ROUNDUP(L25/$D$25,0), ROUNDUP(L27/$D$27,0), ROUNDUP(L29/$D$29,0), ROUNDUP(L31/$D$31,0), ROUNDUP(L33/$D$33,0), ROUNDUP(L35/$D$35,0), ROUNDUP(L37/$D$37,0), ROUNDUP(L39/$D$39,0), ROUNDUP(L41/$D$41,0), ROUNDUP(L43/$D$43,0), ROUNDUP(L45/$D$45,0), ROUNDUP(L47/$D$47,0), ROUNDUP(L49/$D$49,0)) -> 0 | ... P51: =-SUM(ROUNDUP(P15/$D$15,0), ROUNDUP(P17/$D$17,0), ROUNDUP(P19/$D$19,0), ROUNDUP(P21/$D$21,0), ROUNDUP(P23/$D$23,0), ROUNDUP(P25/$D$25,0), ROUNDUP(P27/$D$27,0), ROUNDUP(P29/$D$29,0), ROUNDUP(P31/$D$31,0), ROUNDUP(P33/$D$33,0), ROUNDUP(P35/$D$35,0), ROUNDUP(P37/$D$37,0), ROUNDUP(P39/$D$39,0), ROUNDUP(P41/$D$41,0), ROUNDUP(P43/$D$43,0), ROUNDUP(P45/$D$45,0), ROUNDUP(P47/$D$47,0), ROUNDUP(P49/$D$49,0)) -> 0 | R51: =SUM(R15:R50) -> 0
B53: ลายมือชื่อ | D53: เริ่มโหลด | F53: โหลดเสร็จ | H53: หมายเหตุ | J53: *เบิกตะกร้ากลับด้วยนะคะ = | Q53: =SUM(R51) -> 0 | R53: ใบ
B54: แพ็คกิ้ง
B55: เช็คเกอร์ | K55: รถมีผ้าม่านปิด หรือไม่( ✓)
B56: ขนส่ง | K56: มี | L56: ไม่มี | N56: ลายเซ็น คนขึ้นของ
F64: วันที่ 08/09/69 PO.08/09/69
B65: ผู้ส่ง : 7-11 บางบัวทอง 4 ล้อ จัมโบ้ 1 รอบ พี่ตี๋
B67: เซเว่น-บางบัวทอง | D67: บรรจุ/ตก. | E67: 14.00 น. | G67: 13.00 น. | I67: 11.00 น | K67: 09.00 น | N67: 08.00 น. | Q67: ยอดรวม | S67: ยอดเผื่อ | T67: คงเหลือ | V67: KK | W67: SRR | X67: CMI | Y67: HKT | Z67: HDY
E68: ขอนแก่น KK | G68: สุราษร์ธานี ST | I68: เชียงใหม่ CM | K68: ภูเก็ต PK | N68: หาดใหญ่ HY
E69: PO1 | F69: PO 2 | G69: PO1 | H69: PO 2 | I69: PO1 | J69: PO 2 | K69: PO1 | L69: PO 2 | M69: PO3 | N69: PO1 | O69: PO2 | P69: PO3 | Q69: รวมแพค | R69: ตะกร้า | AK69: 32
B70: 1 | C70: องุ่นดำไร้เมล็ด 150 กรัม x36P | D70: 36 | I70: 22 | J70: 15 | K70: 1 | L70: 30 | M70: 23 | N70: 15 | O70: 16 | P70: 0 | Q70: =SUM(E70:P70) -> 122 | R70: 7 | S70: 250 | T70: =SUM(S70-Q70) -> 128 | V70: =SUM(E70,F70) -> 0 | W70: =SUM(G70,H70) -> 0 | X70: =SUM(I70,J70) -> 37 | Y70: =SUM(K70,L70,M70,) -> 54 | Z70: =SUM(N70,O70,P70) -> 31 | AK70: =IF(AK69=0, "", IF(MOD(AK69, $D$15) = 0, AK69 / $D$15, IF(INT(AK69 / $D$15) = 0, MOD(AK69, $D$15) & " P", INT(AK69 / $D$15) & " + " & MOD(AK69, $D$15) & " P"))) -> 32 P
C71: BlackGrapesSeedless150 g. (8859388000025 ) | E71: =IF(E70=0, "", IF(MOD(E70, $D$15) = 0, E70 / $D$15, IF(INT(E70 / $D$15) = 0, MOD(E70, $D$15) & " P", INT(E70 / $D$15) & " + " & MOD(E70, $D$15) & " P"))) | F71: =IF(F70=0, "", IF(MOD(F70, $D$15) = 0, F70 / $D$15, IF(INT(F70 / $D$15) = 0, MOD(F70, $D$15) & " P", INT(F70 / $D$15) & " + " & MOD(F70, $D$15) & " P"))) | G71: =IF(G70=0, "", IF(MOD(G70, $D$15) = 0, G70 / $D$15, IF(INT(G70 / $D$15) = 0, MOD(G70, $D$15) & " P", INT(G70 / $D$15) & " + " & MOD(G70, $D$15) & " P"))) | H71: =IF(H70=0, "", IF(MOD(H70, $D$15) = 0, H70 / $D$15, IF(INT(H70 / $D$15) = 0, MOD(H70, $D$15) & " P", INT(H70 / $D$15) & " + " & MOD(H70, $D$15) & " P"))) | I71: =IF(I70=0, "", IF(MOD(I70, $D$15) = 0, I70 / $D$15, IF(INT(I70 / $D$15) = 0, MOD(I70, $D$15) & " P", INT(I70 / $D$15) & " + " & MOD(I70, $D$15) & " P"))) -> 22 P | J71: =IF(J70=0, "", IF(MOD(J70, $D$15) = 0, J70 / $D$15, IF(INT(J70 / $D$15) = 0, MOD(J70, $D$15) & " P", INT(J70 / $D$15) & " + " & MOD(J70, $D$15) & " P"))) -> 15 P | K71: =IF(K70=0, "", IF(MOD(K70, $D$15) = 0, K70 / $D$15, IF(INT(K70 / $D$15) = 0, MOD(K70, $D$15) & " P", INT(K70 / $D$15) & " + " & MOD(K70, $D$15) & " P"))) -> 1 P | L71: =IF(L70=0, "", IF(MOD(L70, $D$15) = 0, L70 / $D$15, IF(INT(L70 / $D$15) = 0, MOD(L70, $D$15) & " P", INT(L70 / $D$15) & " + " & MOD(L70, $D$15) & " P"))) -> 30 P | ... P71: =IF(P70=0, "", IF(MOD(P70, $D$15) = 0, P70 / $D$15, IF(INT(P70 / $D$15) = 0, MOD(P70, $D$15) & " P", INT(P70 / $D$15) & " + " & MOD(P70, $D$15) & " P"))) | AK71: 129
B72: 2 | C72: องุ่นแดงนอกมีเมล็ด 200 กรัม x 32 P | D72: 32 | I72: 44 | J72: 48 | K72: 8 | L72: 96 | M72: 120 | N72: 10 | O72: 23 | P72: 1 | Q72: =SUM(E72:P72) -> 350 | R72: 15 | S72: 650 | T72: =SUM(S72-Q72) -> 300 | V72: =SUM(E72,F72) -> 0 | W72: =SUM(G72,H72) -> 0 | X72: =SUM(I72,J72) -> 92 | Y72: =SUM(K72,L72,M72,) -> 224 | Z72: =SUM(N72,O72,P72) -> 34 | AK72: =IF(AK71=0, "", IF(MOD(AK71, $D$17) = 0, AK71 / $D$17, IF(INT(AK71 / $D$17) = 0, MOD(AK71, $D$17) & " P", INT(AK71 / $D$17) & " + " & MOD(AK71, $D$17) & " P"))) -> 4 + 1 P
C73: Red Seed 200 g. ( 8859388000100 ) | E73: =IF(E72=0, "", IF(MOD(E72, $D$17) = 0, E72 / $D$17, IF(INT(E72 / $D$17) = 0, MOD(E72, $D$17) & " P", INT(E72 / $D$17) & " + " & MOD(E72, $D$17) & " P"))) | F73: =IF(F72=0, "", IF(MOD(F72, $D$17) = 0, F72 / $D$17, IF(INT(F72 / $D$17) = 0, MOD(F72, $D$17) & " P", INT(F72 / $D$17) & " + " & MOD(F72, $D$17) & " P"))) | G73: =IF(G72=0, "", IF(MOD(G72, $D$17) = 0, G72 / $D$17, IF(INT(G72 / $D$17) = 0, MOD(G72, $D$17) & " P", INT(G72 / $D$17) & " + " & MOD(G72, $D$17) & " P"))) | H73: =IF(H72=0, "", IF(MOD(H72, $D$17) = 0, H72 / $D$17, IF(INT(H72 / $D$17) = 0, MOD(H72, $D$17) & " P", INT(H72 / $D$17) & " + " & MOD(H72, $D$17) & " P"))) | I73: =IF(I72=0, "", IF(MOD(I72, $D$17) = 0, I72 / $D$17, IF(INT(I72 / $D$17) = 0, MOD(I72, $D$17) & " P", INT(I72 / $D$17) & " + " & MOD(I72, $D$17) & " P"))) -> 1 + 12 P | J73: =IF(J72=0, "", IF(MOD(J72, $D$17) = 0, J72 / $D$17, IF(INT(J72 / $D$17) = 0, MOD(J72, $D$17) & " P", INT(J72 / $D$17) & " + " & MOD(J72, $D$17) & " P"))) -> 1 + 16 P | K73: =IF(K72=0, "", IF(MOD(K72, $D$17) = 0, K72 / $D$17, IF(INT(K72 / $D$17) = 0, MOD(K72, $D$17) & " P", INT(K72 / $D$17) & " + " & MOD(K72, $D$17) & " P"))) -> 8 P | L73: =IF(L72=0, "", IF(MOD(L72, $D$17) = 0, L72 / $D$17, IF(INT(L72 / $D$17) = 0, MOD(L72, $D$17) & " P", INT(L72 / $D$17) & " + " & MOD(L72, $D$17) & " P"))) -> 3 | ... P73: =IF(P72=0, "", IF(MOD(P72, $D$17) = 0, P72 / $D$17, IF(INT(P72 / $D$17) = 0, MOD(P72, $D$17) & " P", INT(P72 / $D$17) & " + " & MOD(P72, $D$17) & " P"))) -> 1 P | AK73: 54
B74: 3 | C74: ส้มแพ็ก 4 ผล(450 กรัม) x14 P | D74: 14 | I74: 8 | J74: 8 | K74: 0 | L74: 14 | M74: 17 | N74: 4 | O74: 8 | P74: 0 | Q74: =SUM(E74:P74) -> 59 | R74: 7 | S74: 190 | T74: =SUM(S74-Q74) -> 131 | V74: =SUM(E74,F74) -> 0 | W74: =SUM(G74,H74) -> 0 | X74: =SUM(I74,J74) -> 16 | Y74: =SUM(K74,L74,M74,) -> 31 | Z74: =SUM(N74,O74,P74) -> 12 | AK74: =IF(#REF!=0, "", IF(MOD(#REF!, $D$19) = 0,#REF!/ $D$19, IF(INT(#REF! / $D$19) = 0, MOD(#REF!, $D$19) & " P", INT(#REF! / $D$19) & " + " & MOD(#REF!, $D$19) & " P"))) -> #REF!
C75: Mandarin orange P.4 (8859388000445) | I75: =IF(I74=0, "", IF(MOD(I74, $D$19) = 0, I74/ $D$19, IF(INT(I74 / $D$19) = 0, MOD(I74, $D$19) & " P", INT(I74 / $D$19) & " + " & MOD(I74, $D$19) & " P"))) -> 8 P | J75: =IF(J74=0, "", IF(MOD(J74, $D$19) = 0, J74/ $D$19, IF(INT(J74 / $D$19) = 0, MOD(J74, $D$19) & " P", INT(J74 / $D$19) & " + " & MOD(J74, $D$19) & " P"))) -> 8 P | K75: =IF(K74=0, "", IF(MOD(K74, $D$19) = 0, K74/ $D$19, IF(INT(K74 / $D$19) = 0, MOD(K74, $D$19) & " P", INT(K74 / $D$19) & " + " & MOD(K74, $D$19) & " P"))) | L75: =IF(L74=0, "", IF(MOD(L74, $D$19) = 0, L74/ $D$19, IF(INT(L74 / $D$19) = 0, MOD(L74, $D$19) & " P", INT(L74 / $D$19) & " + " & MOD(L74, $D$19) & " P"))) -> 1 | M75: =IF(M74=0, "", IF(MOD(M74, $D$19) = 0, M74/ $D$19, IF(INT(M74 / $D$19) = 0, MOD(M74, $D$19) & " P", INT(M74 / $D$19) & " + " & MOD(M74, $D$19) & " P"))) -> 1 + 3 P | N75: =IF(N74=0, "", IF(MOD(N74, $D$19) = 0, N74/ $D$19, IF(INT(N74 / $D$19) = 0, MOD(N74, $D$19) & " P", INT(N74 / $D$19) & " + " & MOD(N74, $D$19) & " P"))) -> 4 P | O75: =IF(O74=0, "", IF(MOD(O74, $D$19) = 0, O74/ $D$19, IF(INT(O74 / $D$19) = 0, MOD(O74, $D$19) & " P", INT(O74 / $D$19) & " + " & MOD(O74, $D$19) & " P"))) -> 8 P | P75: =IF(P74=0, "", IF(MOD(P74, $D$19) = 0, P74/ $D$19, IF(INT(P74 / $D$19) = 0, MOD(P74, $D$19) & " P", INT(P74 / $D$19) & " + " & MOD(P74, $D$19) & " P"))) | AK75: 227
B76: 4 | C76: แอปเปิ้ลแพ็ก 4 ผล(400 กรัม) x14 P | D76: 14 | I76: 11 | J76: 16 | K76: 0 | L76: 13 | M76: 32 | N76: 6 | O76: 8 | P76: 0 | Q76: =SUM(E76:P76) -> 86 | R76: 9 | S76: 200 | T76: =SUM(S76-Q76) -> 114 | V76: =SUM(E76,F76) -> 0 | W76: =SUM(G76,H76) -> 0 | X76: =SUM(I76,J76) -> 27 | Y76: =SUM(K76,L76,M76,) -> 45 | Z76: =SUM(N76,O76,P76) -> 14 | AK76: =IF(AK75=0, "", IF(MOD(AK75, $D$21) = 0, AK75/ $D$21, IF(INT(AK75 / $D$21) = 0, MOD(AK75, $D$21) & " P", INT(AK75 / $D$21) & " + " & MOD(AK75, $D$21) & " P"))) -> 16 + 3 P
C77: Apple P.4 (8859388000568 ) | E77: =IF(E76=0, "", IF(MOD(E76, $D$21) = 0, E76/ $D$21, IF(INT(E76 / $D$21) = 0, MOD(E76, $D$21) & " P", INT(E76 / $D$21) & " + " & MOD(E76, $D$21) & " P"))) | F77: =IF(F76=0, "", IF(MOD(F76, $D$21) = 0, F76/ $D$21, IF(INT(F76 / $D$21) = 0, MOD(F76, $D$21) & " P", INT(F76 / $D$21) & " + " & MOD(F76, $D$21) & " P"))) | G77: =IF(G76=0, "", IF(MOD(G76, $D$21) = 0, G76/ $D$21, IF(INT(G76 / $D$21) = 0, MOD(G76, $D$21) & " P", INT(G76 / $D$21) & " + " & MOD(G76, $D$21) & " P"))) | H77: =IF(H76=0, "", IF(MOD(H76, $D$21) = 0, H76/ $D$21, IF(INT(H76 / $D$21) = 0, MOD(H76, $D$21) & " P", INT(H76 / $D$21) & " + " & MOD(H76, $D$21) & " P"))) | I77: =IF(I76=0, "", IF(MOD(I76, $D$21) = 0, I76/ $D$21, IF(INT(I76 / $D$21) = 0, MOD(I76, $D$21) & " P", INT(I76 / $D$21) & " + " & MOD(I76, $D$21) & " P"))) -> 11 P | J77: =IF(J76=0, "", IF(MOD(J76, $D$21) = 0, J76/ $D$21, IF(INT(J76 / $D$21) = 0, MOD(J76, $D$21) & " P", INT(J76 / $D$21) & " + " & MOD(J76, $D$21) & " P"))) -> 1 + 2 P | K77: =IF(K76=0, "", IF(MOD(K76, $D$21) = 0, K76/ $D$21, IF(INT(K76 / $D$21) = 0, MOD(K76, $D$21) & " P", INT(K76 / $D$21) & " + " & MOD(K76, $D$21) & " P"))) | L77: =IF(L76=0, "", IF(MOD(L76, $D$21) = 0, L76/ $D$21, IF(INT(L76 / $D$21) = 0, MOD(L76, $D$21) & " P", INT(L76 / $D$21) & " + " & MOD(L76, $D$21) & " P"))) -> 13 P | ... P77: =IF(P76=0, "", IF(MOD(P76, $D$21) = 0, P76/ $D$21, IF(INT(P76 / $D$21) = 0, MOD(P76, $D$21) & " P", INT(P76 / $D$21) & " + " & MOD(P76, $D$21) & " P"))) | AK77: 25
B78: 5 | C78: องุ่นแดงไร้เมล็ด150กรัม x 32 Pไข่ปลา | D78: 32 | I78: 13 | J78: 13 | K78: 6 | L78: 36 | M78: 44 | N78: 4 | O78: 11 | P78: 0 | Q78: =SUM(E78:P78) -> 127 | R78: 9 | S78: 300 | T78: =SUM(S78-Q78) -> 173 | V78: =SUM(E78,F78) -> 0 | W78: =SUM(G78,H78) -> 0 | X78: =SUM(I78,J78) -> 26 | Y78: =SUM(K78,L78,M78,) -> 86 | Z78: =SUM(N78,O78,P78) -> 15 | AK78: =IF(AK77=0, "", IF(MOD(AK77, $D$23) = 0, AK77/ $D$23, IF(INT(AK77 / $D$23) = 0, MOD(AK77, $D$23) & " P", INT(AK77 / $D$23) & " + " & MOD(AK77, $D$23) & " P"))) -> 25 P
C79: Red Seedless 150 g. ( 8859388007000 ) | E79: =IF(E78=0, "", IF(MOD(E78, $D$23) = 0, E78/ $D$23, IF(INT(E78 / $D$23) = 0, MOD(E78, $D$23) & " P", INT(E78 / $D$23) & " + " & MOD(E78, $D$23) & " P"))) | F79: =IF(F78=0, "", IF(MOD(F78, $D$23) = 0, F78/ $D$23, IF(INT(F78 / $D$23) = 0, MOD(F78, $D$23) & " P", INT(F78 / $D$23) & " + " & MOD(F78, $D$23) & " P"))) | G79: =IF(G78=0, "", IF(MOD(G78, $D$23) = 0, G78/ $D$23, IF(INT(G78 / $D$23) = 0, MOD(G78, $D$23) & " P", INT(G78 / $D$23) & " + " & MOD(G78, $D$23) & " P"))) | H79: =IF(H78=0, "", IF(MOD(H78, $D$23) = 0, H78/ $D$23, IF(INT(H78 / $D$23) = 0, MOD(H78, $D$23) & " P", INT(H78 / $D$23) & " + " & MOD(H78, $D$23) & " P"))) | I79: =IF(I78=0, "", IF(MOD(I78, $D$23) = 0, I78/ $D$23, IF(INT(I78 / $D$23) = 0, MOD(I78, $D$23) & " P", INT(I78 / $D$23) & " + " & MOD(I78, $D$23) & " P"))) -> 13 P | J79: =IF(J78=0, "", IF(MOD(J78, $D$23) = 0, J78/ $D$23, IF(INT(J78 / $D$23) = 0, MOD(J78, $D$23) & " P", INT(J78 / $D$23) & " + " & MOD(J78, $D$23) & " P"))) -> 13 P | K79: =IF(K78=0, "", IF(MOD(K78, $D$23) = 0, K78/ $D$23, IF(INT(K78 / $D$23) = 0, MOD(K78, $D$23) & " P", INT(K78 / $D$23) & " + " & MOD(K78, $D$23) & " P"))) -> 6 P | L79: =IF(L78=0, "", IF(MOD(L78, $D$23) = 0, L78/ $D$23, IF(INT(L78 / $D$23) = 0, MOD(L78, $D$23) & " P", INT(L78 / $D$23) & " + " & MOD(L78, $D$23) & " P"))) -> 1 + 4 P | ... P79: =IF(P78=0, "", IF(MOD(P78, $D$23) = 0, P78/ $D$23, IF(INT(P78 / $D$23) = 0, MOD(P78, $D$23) & " P", INT(P78 / $D$23) & " + " & MOD(P78, $D$23) & " P"))) | AK79: 2
B80: 6 | C80: สตรอเบอร์รี่ 250 กรัม x 27 P | D80: 27 | I80: 8 | J80: 3 | K80: 0 | L80: 25 | M80: 50 | N80: 17 | O80: 13 | P80: 0 | Q80: =SUM(E80:P80) -> 116 | R80: 7 | S80: 320 | T80: =SUM(S80-Q80) -> 204 | V80: =SUM(E80,F80) -> 0 | W80: =SUM(G80,H80) -> 0 | X80: =SUM(I80,J80) -> 11 | Y80: =SUM(K80,L80,M80,) -> 75 | Z80: =SUM(N80,O80,P80) -> 30 | AK80: =IF(AK79=0, "", IF(MOD(AK79, $D$25) = 0, AK79/ $D$25, IF(INT(AK79 / $D$25) = 0, MOD(AK79, $D$25) & " P", INT(AK79 / $D$25) & " + " & MOD(AK79, $D$25) & " P"))) -> 2 P
C81: Straw AUS 250 g. ( 2003009710008 ) | E81: =IF(E80=0, "", IF(MOD(E80, $D$25) = 0, E80/ $D$25, IF(INT(E80 / $D$25) = 0, MOD(E80, $D$25) & " P", INT(E80 / $D$25) & " + " & MOD(E80, $D$25) & " P"))) | F81: =IF(F80=0, "", IF(MOD(F80, $D$25) = 0, F80/ $D$25, IF(INT(F80 / $D$25) = 0, MOD(F80, $D$25) & " P", INT(F80 / $D$25) & " + " & MOD(F80, $D$25) & " P"))) | G81: =IF(G80=0, "", IF(MOD(G80, $D$25) = 0, G80/ $D$25, IF(INT(G80 / $D$25) = 0, MOD(G80, $D$25) & " P", INT(G80 / $D$25) & " + " & MOD(G80, $D$25) & " P"))) | H81: =IF(H80=0, "", IF(MOD(H80, $D$25) = 0, H80/ $D$25, IF(INT(H80 / $D$25) = 0, MOD(H80, $D$25) & " P", INT(H80 / $D$25) & " + " & MOD(H80, $D$25) & " P"))) | I81: =IF(I80=0, "", IF(MOD(I80, $D$25) = 0, I80/ $D$25, IF(INT(I80 / $D$25) = 0, MOD(I80, $D$25) & " P", INT(I80 / $D$25) & " + " & MOD(I80, $D$25) & " P"))) -> 8 P | J81: =IF(J80=0, "", IF(MOD(J80, $D$25) = 0, J80/ $D$25, IF(INT(J80 / $D$25) = 0, MOD(J80, $D$25) & " P", INT(J80 / $D$25) & " + " & MOD(J80, $D$25) & " P"))) -> 3 P | K81: =IF(K80=0, "", IF(MOD(K80, $D$25) = 0, K80/ $D$25, IF(INT(K80 / $D$25) = 0, MOD(K80, $D$25) & " P", INT(K80 / $D$25) & " + " & MOD(K80, $D$25) & " P"))) | L81: =IF(L80=0, "", IF(MOD(L80, $D$25) = 0, L80/ $D$25, IF(INT(L80 / $D$25) = 0, MOD(L80, $D$25) & " P", INT(L80 / $D$25) & " + " & MOD(L80, $D$25) & " P"))) -> 25 P | ... P81: =IF(P80=0, "", IF(MOD(P80, $D$25) = 0, P80/ $D$25, IF(INT(P80 / $D$25) = 0, MOD(P80, $D$25) & " P", INT(P80 / $D$25) & " + " & MOD(P80, $D$25) & " P"))) | AK81: 74
B82: 7 | C82: บลูเบอร์รี่ 125 กรัม x 36 P | D82: 36 | I82: 40 | J82: 6 | K82: 4 | L82: 125 | M82: 183 | N82: 13 | O82: 21 | P82: 0 | Q82: =SUM(E82:P82) -> 392 | R82: 16 | S82: 610 | T82: =SUM(S82-Q82) -> 218 | V82: =SUM(E82,F82) -> 0 | W82: =SUM(G82,H82) -> 0 | X82: =SUM(I82,J82) -> 46 | Y82: =SUM(K82,L82,M82,) -> 312 | Z82: =SUM(N82,O82,P82) -> 34 | AK82: =IF(AK81=0, "", IF(MOD(AK81, $D$27) = 0, AK81/ $D$27, IF(INT(AK81 / $D$27) = 0, MOD(AK81, $D$27) & " P", INT(AK81 / $D$27) & " + " & MOD(AK81, $D$27) & " P"))) -> 2 + 2 P
C83: Blue 125 g. ( 2003009720007 ) | E83: =IF(E82=0, "", IF(MOD(E82, $D$27) = 0, E82/ $D$27, IF(INT(E82 / $D$27) = 0, MOD(E82, $D$27) & " P", INT(E82 / $D$27) & " + " & MOD(E82, $D$27) & " P"))) | F83: =IF(F82=0, "", IF(MOD(F82, $D$27) = 0, F82/ $D$27, IF(INT(F82 / $D$27) = 0, MOD(F82, $D$27) & " P", INT(F82 / $D$27) & " + " & MOD(F82, $D$27) & " P"))) | G83: =IF(G82=0, "", IF(MOD(G82, $D$27) = 0, G82/ $D$27, IF(INT(G82 / $D$27) = 0, MOD(G82, $D$27) & " P", INT(G82 / $D$27) & " + " & MOD(G82, $D$27) & " P"))) | H83: =IF(H82=0, "", IF(MOD(H82, $D$27) = 0, H82/ $D$27, IF(INT(H82 / $D$27) = 0, MOD(H82, $D$27) & " P", INT(H82 / $D$27) & " + " & MOD(H82, $D$27) & " P"))) | I83: =IF(I82=0, "", IF(MOD(I82, $D$27) = 0, I82/ $D$27, IF(INT(I82 / $D$27) = 0, MOD(I82, $D$27) & " P", INT(I82 / $D$27) & " + " & MOD(I82, $D$27) & " P"))) -> 1 + 4 P | J83: =IF(J82=0, "", IF(MOD(J82, $D$27) = 0, J82/ $D$27, IF(INT(J82 / $D$27) = 0, MOD(J82, $D$27) & " P", INT(J82 / $D$27) & " + " & MOD(J82, $D$27) & " P"))) -> 6 P | K83: =IF(K82=0, "", IF(MOD(K82, $D$27) = 0, K82/ $D$27, IF(INT(K82 / $D$27) = 0, MOD(K82, $D$27) & " P", INT(K82 / $D$27) & " + " & MOD(K82, $D$27) & " P"))) -> 4 P | L83: =IF(L82=0, "", IF(MOD(L82, $D$27) = 0, L82/ $D$27, IF(INT(L82 / $D$27) = 0, MOD(L82, $D$27) & " P", INT(L82 / $D$27) & " + " & MOD(L82, $D$27) & " P"))) -> 3 + 17 P | ... P83: =IF(P82=0, "", IF(MOD(P82, $D$27) = 0, P82/ $D$27, IF(INT(P82 / $D$27) = 0, MOD(P82, $D$27) & " P", INT(P82 / $D$27) & " + " & MOD(P82, $D$27) & " P"))) | AK83: 34
B84: 8 | C84: องุ่นดำไร้เมล็ด 300 กรัม x20P | D84: 20 | I84: 6 | J84: 5 | K84: 1 | L84: 33 | M84: 24 | N84: 2 | O84: 9 | P84: 0 | Q84: =SUM(E84:P84) -> 80 | R84: 9 | S84: 160 | T84: =SUM(S84-Q84) -> 80 | V84: =SUM(E84,F84) -> 0 | W84: =SUM(G84,H84) -> 0 | X84: =SUM(I84,J84) -> 11 | Y84: =SUM(K84,L84,M84,) -> 58 | Z84: =SUM(N84,O84,P84) -> 11 | AK84: =IF(AK83=0, "", IF(MOD(AK83, $D$29) = 0, AK83/ $D$29, IF(INT(AK83 / $D$29) = 0, MOD(AK83, $D$29) & " P", INT(AK83 / $D$29) & " + " & MOD(AK83, $D$29) & " P"))) -> 1 + 14 P
C85: BlackGrapesSeedless300g. (8859388002562 ) | E85: =IF(E84=0, "", IF(MOD(E84, $D$29) = 0, E84/ $D$29, IF(INT(E84 / $D$29) = 0, MOD(E84, $D$29) & " P", INT(E84 / $D$29) & " + " & MOD(E84, $D$29) & " P"))) | F85: =IF(F84=0, "", IF(MOD(F84, $D$29) = 0, F84/ $D$29, IF(INT(F84 / $D$29) = 0, MOD(F84, $D$29) & " P", INT(F84 / $D$29) & " + " & MOD(F84, $D$29) & " P"))) | G85: =IF(G84=0, "", IF(MOD(G84, $D$29) = 0, G84/ $D$29, IF(INT(G84 / $D$29) = 0, MOD(G84, $D$29) & " P", INT(G84 / $D$29) & " + " & MOD(G84, $D$29) & " P"))) | H85: =IF(H84=0, "", IF(MOD(H84, $D$29) = 0, H84/ $D$29, IF(INT(H84 / $D$29) = 0, MOD(H84, $D$29) & " P", INT(H84 / $D$29) & " + " & MOD(H84, $D$29) & " P"))) | I85: =IF(I84=0, "", IF(MOD(I84, $D$29) = 0, I84/ $D$29, IF(INT(I84 / $D$29) = 0, MOD(I84, $D$29) & " P", INT(I84 / $D$29) & " + " & MOD(I84, $D$29) & " P"))) -> 6 P | J85: =IF(J84=0, "", IF(MOD(J84, $D$29) = 0, J84/ $D$29, IF(INT(J84 / $D$29) = 0, MOD(J84, $D$29) & " P", INT(J84 / $D$29) & " + " & MOD(J84, $D$29) & " P"))) -> 5 P | K85: =IF(K84=0, "", IF(MOD(K84, $D$29) = 0, K84/ $D$29, IF(INT(K84 / $D$29) = 0, MOD(K84, $D$29) & " P", INT(K84 / $D$29) & " + " & MOD(K84, $D$29) & " P"))) -> 1 P | L85: =IF(L84=0, "", IF(MOD(L84, $D$29) = 0, L84/ $D$29, IF(INT(L84 / $D$29) = 0, MOD(L84, $D$29) & " P", INT(L84 / $D$29) & " + " & MOD(L84, $D$29) & " P"))) -> 1 + 13 P | ... P85: =IF(P84=0, "", IF(MOD(P84, $D$29) = 0, P84/ $D$29, IF(INT(P84 / $D$29) = 0, MOD(P84, $D$29) & " P", INT(P84 / $D$29) & " + " & MOD(P84, $D$29) & " P"))) | AK85: 33
B86: 9 | C86: องุ่นไชน์มัสแคท 300 กรัมx 15 P | D86: 15 | I86: 8 | J86: 0 | K86: 3 | L86: 13 | M86: 33 | N86: 3 | O86: 7 | P86: 0 | Q86: =SUM(E86:P86) -> 67 | R86: 8 | S86: 150 | T86: =SUM(S86-Q86) -> 83 | V86: =SUM(E86,F86) -> 0 | W86: =SUM(G86,H86) -> 0 | X86: =SUM(I86,J86) -> 8 | Y86: =SUM(K86,L86,M86,) -> 49 | Z86: =SUM(N86,O86,P86) -> 10 | AK86: =IF(AK85=0, "", IF(MOD(AK85, $D$29) = 0, AK85/ $D$29, IF(INT(AK85 / $D$29) = 0, MOD(AK85, $D$29) & " P", INT(AK85 / $D$29) & " + " & MOD(AK85, $D$29) & " P"))) -> 1 + 13 P
C87: Shine Muscat 300g ( 88593880000189 ) | E87: =IF(E86=0, "", IF(MOD(E86, $D$31) = 0, E86/ $D$31, IF(INT(E86 / $D$31) = 0, MOD(E86, $D$31) & " P", INT(E86 / $D$31) & " + " & MOD(E86, $D$31) & " P"))) | F87: =IF(F86=0, "", IF(MOD(F86, $D$31) = 0, F86/ $D$31, IF(INT(F86 / $D$31) = 0, MOD(F86, $D$31) & " P", INT(F86 / $D$31) & " + " & MOD(F86, $D$31) & " P"))) | G87: =IF(G86=0, "", IF(MOD(G86, $D$31) = 0, G86/ $D$31, IF(INT(G86 / $D$31) = 0, MOD(G86, $D$31) & " P", INT(G86 / $D$31) & " + " & MOD(G86, $D$31) & " P"))) | H87: =IF(H86=0, "", IF(MOD(H86, $D$31) = 0, H86/ $D$31, IF(INT(H86 / $D$31) = 0, MOD(H86, $D$31) & " P", INT(H86 / $D$31) & " + " & MOD(H86, $D$31) & " P"))) | I87: =IF(I86=0, "", IF(MOD(I86, $D$31) = 0, I86/ $D$31, IF(INT(I86 / $D$31) = 0, MOD(I86, $D$31) & " P", INT(I86 / $D$31) & " + " & MOD(I86, $D$31) & " P"))) -> 8 P | J87: =IF(J86=0, "", IF(MOD(J86, $D$31) = 0, J86/ $D$31, IF(INT(J86 / $D$31) = 0, MOD(J86, $D$31) & " P", INT(J86 / $D$31) & " + " & MOD(J86, $D$31) & " P"))) | K87: =IF(K86=0, "", IF(MOD(K86, $D$31) = 0, K86/ $D$31, IF(INT(K86 / $D$31) = 0, MOD(K86, $D$31) & " P", INT(K86 / $D$31) & " + " & MOD(K86, $D$31) & " P"))) -> 3 P | L87: =IF(L86=0, "", IF(MOD(L86, $D$31) = 0, L86/ $D$31, IF(INT(L86 / $D$31) = 0, MOD(L86, $D$31) & " P", INT(L86 / $D$31) & " + " & MOD(L86, $D$31) & " P"))) -> 13 P | ... P87: =IF(P86=0, "", IF(MOD(P86, $D$31) = 0, P86/ $D$31, IF(INT(P86 / $D$31) = 0, MOD(P86, $D$31) & " P", INT(P86 / $D$31) & " + " & MOD(P86, $D$31) & " P"))) | AK87: 33
B88: 10 | C88: แอปเปิ้ลแดงวอชิงตันลูกเดี่ยว x 45 P | D88: 45 | I88: 2 | J88: 0 | K88: 0 | L88: 2 | M88: 12 | N88: 0 | O88: 3 | P88: 0 | Q88: =SUM(E88:P88) -> 19 | R88: 4 | S88: 50 | T88: =SUM(S88-Q88) -> 31 | V88: =SUM(E88,F88) -> 0 | W88: =SUM(G88,H88) -> 0 | X88: =SUM(I88,J88) -> 2 | Y88: =SUM(K88,L88,M88,) -> 14 | Z88: =SUM(N88,O88,P88) -> 3 | AK88: =IF(AK83=0, "", IF(MOD(AK83, $D$35) = 0, AK83/ $D$35, IF(INT(AK83 / $D$35) = 0, MOD(AK83, $D$35) & " P", INT(AK83 / $D$35) & " + " & MOD(AK83, $D$35) & " P"))) -> 2 + 4 P
C89: Washington ( 8859388000759 ) | E89: =IF(E88=0, "", IF(MOD(E88, $D$33) = 0, E88/ $D$33, IF(INT(E88 / $D$33) = 0, MOD(E88, $D$33) & " P", INT(E88 / $D$33) & " + " & MOD(E88, $D$33) & " P"))) | F89: =IF(F88=0, "", IF(MOD(F88, $D$33) = 0, F88/ $D$33, IF(INT(F88 / $D$33) = 0, MOD(F88, $D$33) & " P", INT(F88 / $D$33) & " + " & MOD(F88, $D$33) & " P"))) | G89: =IF(G88=0, "", IF(MOD(G88, $D$33) = 0, G88/ $D$33, IF(INT(G88 / $D$33) = 0, MOD(G88, $D$33) & " P", INT(G88 / $D$33) & " + " & MOD(G88, $D$33) & " P"))) | H89: =IF(H88=0, "", IF(MOD(H88, $D$33) = 0, H88/ $D$33, IF(INT(H88 / $D$33) = 0, MOD(H88, $D$33) & " P", INT(H88 / $D$33) & " + " & MOD(H88, $D$33) & " P"))) | I89: =IF(I88=0, "", IF(MOD(I88, $D$33) = 0, I88/ $D$33, IF(INT(I88 / $D$33) = 0, MOD(I88, $D$33) & " P", INT(I88 / $D$33) & " + " & MOD(I88, $D$33) & " P"))) -> 2 P | J89: =IF(J88=0, "", IF(MOD(J88, $D$33) = 0, J88/ $D$33, IF(INT(J88 / $D$33) = 0, MOD(J88, $D$33) & " P", INT(J88 / $D$33) & " + " & MOD(J88, $D$33) & " P"))) | K89: =IF(K88=0, "", IF(MOD(K88, $D$33) = 0, K88/ $D$33, IF(INT(K88 / $D$33) = 0, MOD(K88, $D$33) & " P", INT(K88 / $D$33) & " + " & MOD(K88, $D$33) & " P"))) | L89: =IF(L88=0, "", IF(MOD(L88, $D$33) = 0, L88/ $D$33, IF(INT(L88 / $D$33) = 0, MOD(L88, $D$33) & " P", INT(L88 / $D$33) & " + " & MOD(L88, $D$33) & " P"))) -> 2 P | ... P89: =IF(P88=0, "", IF(MOD(P88, $D$33) = 0, P88/ $D$33, IF(INT(P88 / $D$33) = 0, MOD(P88, $D$33) & " P", INT(P88 / $D$33) & " + " & MOD(P88, $D$33) & " P")))
B90: 11 | C90: องุ่นสวีทแซฟไฟร์300 กรัม x 15 P | D90: 15 | I90: 9 | J90: 3 | K90: 0 | L90: 17 | M90: 34 | N90: 4 | O90: 6 | P90: 0 | Q90: =SUM(E90:P90) -> 73 | R90: 9 | S90: 110 | T90: =SUM(S90-Q90) -> 37 | V90: =SUM(E90,F90) -> 0 | W90: =SUM(G90,H90) -> 0 | X90: =SUM(I90,J90) -> 12 | Y90: =SUM(K90,L90,M90,) -> 51 | Z90: =SUM(N90,O90,P90) -> 10 | AK90: =IF(AK85=0, "", IF(MOD(AK85, $D$35) = 0, AK85/ $D$35, IF(INT(AK85 / $D$35) = 0, MOD(AK85, $D$35) & " P", INT(AK85 / $D$35) & " + " & MOD(AK85, $D$35) & " P"))) -> 2 + 3 P
C91: Sweet Sapphire ( 8859388000223 ) | E91: =IF(E90=0, "", IF(MOD(E90, $D$35) = 0, E90/ $D$35, IF(INT(E90 / $D$35) = 0, MOD(E90, $D$35) & " P", INT(E90 / $D$35) & " + " & MOD(E90, $D$35) & " P"))) | F91: =IF(F90=0, "", IF(MOD(F90, $D$35) = 0, F90/ $D$35, IF(INT(F90 / $D$35) = 0, MOD(F90, $D$35) & " P", INT(F90 / $D$35) & " + " & MOD(F90, $D$35) & " P"))) | G91: =IF(G90=0, "", IF(MOD(G90, $D$35) = 0, G90/ $D$35, IF(INT(G90 / $D$35) = 0, MOD(G90, $D$35) & " P", INT(G90 / $D$35) & " + " & MOD(G90, $D$35) & " P"))) | H91: =IF(H90=0, "", IF(MOD(H90, $D$35) = 0, H90/ $D$35, IF(INT(H90 / $D$35) = 0, MOD(H90, $D$35) & " P", INT(H90 / $D$35) & " + " & MOD(H90, $D$35) & " P"))) | I91: =IF(I90=0, "", IF(MOD(I90, $D$35) = 0, I90/ $D$35, IF(INT(I90 / $D$35) = 0, MOD(I90, $D$35) & " P", INT(I90 / $D$35) & " + " & MOD(I90, $D$35) & " P"))) -> 9 P | J91: =IF(J90=0, "", IF(MOD(J90, $D$35) = 0, J90/ $D$35, IF(INT(J90 / $D$35) = 0, MOD(J90, $D$35) & " P", INT(J90 / $D$35) & " + " & MOD(J90, $D$35) & " P"))) -> 3 P | K91: =IF(K90=0, "", IF(MOD(K90, $D$35) = 0, K90/ $D$35, IF(INT(K90 / $D$35) = 0, MOD(K90, $D$35) & " P", INT(K90 / $D$35) & " + " & MOD(K90, $D$35) & " P"))) | L91: =IF(L90=0, "", IF(MOD(L90, $D$35) = 0, L90/ $D$35, IF(INT(L90 / $D$35) = 0, MOD(L90, $D$35) & " P", INT(L90 / $D$35) & " + " & MOD(L90, $D$35) & " P"))) -> 1 + 2 P | ... P91: =IF(P90=0, "", IF(MOD(P90, $D$35) = 0, P90/ $D$35, IF(INT(P90 / $D$35) = 0, MOD(P90, $D$35) & " P", INT(P90 / $D$35) & " + " & MOD(P90, $D$35) & " P")))
B92: 12 | C92: แอปเปิ้ลเจ้าหญิง 200 กรัม x 27 P | D92: 27 | I92: 0 | J92: 0 | K92: 0 | L92: 0 | M92: 0 | N92: 690 | O92: 734 | P92: 4 | Q92: =SUM(E92:P92) -> 1428 | R92: 55 | S92: 3816 | T92: =SUM(S92-Q92) -> 2388 | V92: =SUM(E92,F92) -> 0 | W92: =SUM(G92,H92) -> 0 | X92: =SUM(I92,J92) -> 0 | Y92: =SUM(K92,L92,M92,) -> 0 | Z92: =SUM(N92,O92,P92) -> 1428 | AK92: =IF(AK87=0, "", IF(MOD(AK87, $D$35) = 0, AK87/ $D$35, IF(INT(AK87 / $D$35) = 0, MOD(AK87, $D$35) & " P", INT(AK87 / $D$35) & " + " & MOD(AK87, $D$35) & " P"))) -> 2 + 3 P
C93: Princess Apple (8859388001060 ) | E93: =IF(E92=0, "", IF(MOD(E92, $D$37) = 0, E92/ $D$37, IF(INT(E92 / $D$37) = 0, MOD(E92, $D$37) & " P", INT(E92 / $D$37) & " + " & MOD(E92, $D$37) & " P"))) | F93: =IF(F92=0, "", IF(MOD(F92, $D$37) = 0, F92/ $D$37, IF(INT(F92 / $D$37) = 0, MOD(F92, $D$37) & " P", INT(F92 / $D$37) & " + " & MOD(F92, $D$37) & " P"))) | G93: =IF(G92=0, "", IF(MOD(G92, $D$37) = 0, G92/ $D$37, IF(INT(G92 / $D$37) = 0, MOD(G92, $D$37) & " P", INT(G92 / $D$37) & " + " & MOD(G92, $D$37) & " P"))) | H93: =IF(H92=0, "", IF(MOD(H92, $D$37) = 0, H92/ $D$37, IF(INT(H92 / $D$37) = 0, MOD(H92, $D$37) & " P", INT(H92 / $D$37) & " + " & MOD(H92, $D$37) & " P"))) | I93: =IF(I92=0, "", IF(MOD(I92, $D$37) = 0, I92/ $D$37, IF(INT(I92 / $D$37) = 0, MOD(I92, $D$37) & " P", INT(I92 / $D$37) & " + " & MOD(I92, $D$37) & " P"))) | J93: =IF(J92=0, "", IF(MOD(J92, $D$37) = 0, J92/ $D$37, IF(INT(J92 / $D$37) = 0, MOD(J92, $D$37) & " P", INT(J92 / $D$37) & " + " & MOD(J92, $D$37) & " P"))) | K93: =IF(K92=0, "", IF(MOD(K92, $D$37) = 0, K92/ $D$37, IF(INT(K92 / $D$37) = 0, MOD(K92, $D$37) & " P", INT(K92 / $D$37) & " + " & MOD(K92, $D$37) & " P"))) | L93: =IF(L92=0, "", IF(MOD(L92, $D$37) = 0, L92/ $D$37, IF(INT(L92 / $D$37) = 0, MOD(L92, $D$37) & " P", INT(L92 / $D$37) & " + " & MOD(L92, $D$37) & " P"))) | ... P93: =IF(P92=0, "", IF(MOD(P92, $D$37) = 0, P92/ $D$37, IF(INT(P92 / $D$37) = 0, MOD(P92, $D$37) & " P", INT(P92 / $D$37) & " + " & MOD(P92, $D$37) & " P"))) -> 4 P
B94: 13 | C94: องุ่นเคียวโฮ 300 กรัม x 15 P | D94: 15 | I94: 3 | J94: 0 | K94: 0 | L94: 3 | M94: 14 | N94: 4 | O94: 2 | P94: 0 | Q94: =SUM(E94:P94) -> 26 | R94: 5 | S94: 90 | T94: =SUM(S94-Q94) -> 64 | V94: =SUM(E94,F94) -> 0 | W94: =SUM(G94,H94) -> 0 | X94: =SUM(I94,J94) -> 3 | Y94: =SUM(K94,L94,M94,) -> 17 | Z94: =SUM(N94,O94,P94) -> 6 | AK94: =IF(AK89=0, "", IF(MOD(AK89, $D$35) = 0, AK89/ $D$35, IF(INT(AK89 / $D$35) = 0, MOD(AK89, $D$35) & " P", INT(AK89 / $D$35) & " + " & MOD(AK89, $D$35) & " P")))
C95: Kyoho Grape (888593880000063 ) | E95: =IF(E94=0, "", IF(MOD(E94, $D$39) = 0, E94/ $D$39, IF(INT(E94 / $D$39) = 0, MOD(E94, $D$39) & " P", INT(E94 / $D$39) & " + " & MOD(E94, $D$39) & " P"))) | F95: =IF(F94=0, "", IF(MOD(F94, $D$39) = 0, F94/ $D$39, IF(INT(F94 / $D$39) = 0, MOD(F94, $D$39) & " P", INT(F94 / $D$39) & " + " & MOD(F94, $D$39) & " P"))) | G95: =IF(G94=0, "", IF(MOD(G94, $D$39) = 0, G94/ $D$39, IF(INT(G94 / $D$39) = 0, MOD(G94, $D$39) & " P", INT(G94 / $D$39) & " + " & MOD(G94, $D$39) & " P"))) | H95: =IF(H94=0, "", IF(MOD(H94, $D$39) = 0, H94/ $D$39, IF(INT(H94 / $D$39) = 0, MOD(H94, $D$39) & " P", INT(H94 / $D$39) & " + " & MOD(H94, $D$39) & " P"))) | I95: =IF(I94=0, "", IF(MOD(I94, $D$39) = 0, I94/ $D$39, IF(INT(I94 / $D$39) = 0, MOD(I94, $D$39) & " P", INT(I94 / $D$39) & " + " & MOD(I94, $D$39) & " P"))) -> 3 P | J95: =IF(J94=0, "", IF(MOD(J94, $D$39) = 0, J94/ $D$39, IF(INT(J94 / $D$39) = 0, MOD(J94, $D$39) & " P", INT(J94 / $D$39) & " + " & MOD(J94, $D$39) & " P"))) | K95: =IF(K94=0, "", IF(MOD(K94, $D$39) = 0, K94/ $D$39, IF(INT(K94 / $D$39) = 0, MOD(K94, $D$39) & " P", INT(K94 / $D$39) & " + " & MOD(K94, $D$39) & " P"))) | L95: =IF(L94=0, "", IF(MOD(L94, $D$39) = 0, L94/ $D$39, IF(INT(L94 / $D$39) = 0, MOD(L94, $D$39) & " P", INT(L94 / $D$39) & " + " & MOD(L94, $D$39) & " P"))) -> 3 P | ... P95: =IF(P94=0, "", IF(MOD(P94, $D$39) = 0, P94/ $D$39, IF(INT(P94 / $D$39) = 0, MOD(P94, $D$39) & " P", INT(P94 / $D$39) & " + " & MOD(P94, $D$39) & " P")))
B96: 14 | C96: ลูกไหนจิ๋ว 200 g. x 27 p | D96: 27 | I96: 3 | J96: 8 | K96: 4 | L96: 15 | M96: 32 | N96: 16 | O96: 16 | P96: 0 | Q96: =SUM(E96:P96) -> 94 | R96: 8 | S96: 250 | T96: =SUM(S96-Q96) -> 156 | V96: =SUM(E96,F96) -> 0 | W96: =SUM(G96,H96) -> 0 | X96: =SUM(I96,J96) -> 11 | Y96: =SUM(K96,L96,M96,) -> 51 | Z96: =SUM(N96,O96,P96) -> 32 | AK96: =IF(AK91=0, "", IF(MOD(AK91, $D$35) = 0, AK91/ $D$35, IF(INT(AK91 / $D$35) = 0, MOD(AK91, $D$35) & " P", INT(AK91 / $D$35) & " + " & MOD(AK91, $D$35) & " P")))
C97: Plum 200 g. ( 8859388001091 ) | E97: =IF(E96=0, "", IF(MOD(E96, $D$41) = 0, E96/ $D$41, IF(INT(E96 / $D$41) = 0, MOD(E96, $D$41) & " P", INT(E96 / $D$41) & " + " & MOD(E96, $D$41) & " P"))) | F97: =IF(F96=0, "", IF(MOD(F96, $D$41) = 0, F96/ $D$41, IF(INT(F96 / $D$41) = 0, MOD(F96, $D$41) & " P", INT(F96 / $D$41) & " + " & MOD(F96, $D$41) & " P"))) | G97: =IF(G96=0, "", IF(MOD(G96, $D$41) = 0, G96/ $D$41, IF(INT(G96 / $D$41) = 0, MOD(G96, $D$41) & " P", INT(G96 / $D$41) & " + " & MOD(G96, $D$41) & " P"))) | H97: =IF(H96=0, "", IF(MOD(H96, $D$41) = 0, H96/ $D$41, IF(INT(H96 / $D$41) = 0, MOD(H96, $D$41) & " P", INT(H96 / $D$41) & " + " & MOD(H96, $D$41) & " P"))) | I97: =IF(I96=0, "", IF(MOD(I96, $D$41) = 0, I96/ $D$41, IF(INT(I96 / $D$41) = 0, MOD(I96, $D$41) & " P", INT(I96 / $D$41) & " + " & MOD(I96, $D$41) & " P"))) -> 3 P | J97: =IF(J96=0, "", IF(MOD(J96, $D$41) = 0, J96/ $D$41, IF(INT(J96 / $D$41) = 0, MOD(J96, $D$41) & " P", INT(J96 / $D$41) & " + " & MOD(J96, $D$41) & " P"))) -> 8 P | K97: =IF(K96=0, "", IF(MOD(K96, $D$41) = 0, K96/ $D$41, IF(INT(K96 / $D$41) = 0, MOD(K96, $D$41) & " P", INT(K96 / $D$41) & " + " & MOD(K96, $D$41) & " P"))) -> 4 P | L97: =IF(L96=0, "", IF(MOD(L96, $D$41) = 0, L96/ $D$41, IF(INT(L96 / $D$41) = 0, MOD(L96, $D$41) & " P", INT(L96 / $D$41) & " + " & MOD(L96, $D$41) & " P"))) -> 15 P | ... P97: =IF(P96=0, "", IF(MOD(P96, $D$41) = 0, P96/ $D$41, IF(INT(P96 / $D$41) = 0, MOD(P96, $D$41) & " P", INT(P96 / $D$41) & " + " & MOD(P96, $D$41) & " P")))
B98: 15 | C98: องุ่นแดงไร้เมล็ด 300 g. x 20 p | D98: 20 | I98: 21 | J98: 14 | K98: 2 | L98: 48 | M98: 78 | N98: 8 | O98: 10 | P98: 2 | Q98: =SUM(E98:P98) -> 183 | R98: 14 | S98: 400 | T98: =SUM(S98-Q98) -> 217 | V98: =SUM(E98,F98) -> 0 | W98: =SUM(G98,H98) -> 0 | X98: =SUM(I98,J98) -> 35 | Y98: =SUM(K98,L98,M98,) -> 128 | Z98: =SUM(N98,O98,P98) -> 20 | AK98: =IF(AK89=0, "", IF(MOD(AK89, $D$35) = 0, AK89/ $D$35, IF(INT(AK89 / $D$35) = 0, MOD(AK89, $D$35) & " P", INT(AK89 / $D$35) & " + " & MOD(AK89, $D$35) & " P")))
C99: Red Seedless 300 g.( 8859388001084 ) | E99: =IF(E98=0, "", IF(MOD(E98, $D$43) = 0, E98/ $D$43, IF(INT(E98 / $D$43) = 0, MOD(E98, $D$43) & " P", INT(E98 / $D$43) & " + " & MOD(E98, $D$43) & " P"))) | F99: =IF(F98=0, "", IF(MOD(F98, $D$43) = 0, F98/ $D$43, IF(INT(F98 / $D$43) = 0, MOD(F98, $D$43) & " P", INT(F98 / $D$43) & " + " & MOD(F98, $D$43) & " P"))) | G99: =IF(G98=0, "", IF(MOD(G98, $D$43) = 0, G98/ $D$43, IF(INT(G98 / $D$43) = 0, MOD(G98, $D$43) & " P", INT(G98 / $D$43) & " + " & MOD(G98, $D$43) & " P"))) | H99: =IF(H98=0, "", IF(MOD(H98, $D$43) = 0, H98/ $D$43, IF(INT(H98 / $D$43) = 0, MOD(H98, $D$43) & " P", INT(H98 / $D$43) & " + " & MOD(H98, $D$43) & " P"))) | I99: =IF(I98=0, "", IF(MOD(I98, $D$43) = 0, I98/ $D$43, IF(INT(I98 / $D$43) = 0, MOD(I98, $D$43) & " P", INT(I98 / $D$43) & " + " & MOD(I98, $D$43) & " P"))) -> 1 + 1 P | J99: =IF(J98=0, "", IF(MOD(J98, $D$43) = 0, J98/ $D$43, IF(INT(J98 / $D$43) = 0, MOD(J98, $D$43) & " P", INT(J98 / $D$43) & " + " & MOD(J98, $D$43) & " P"))) -> 14 P | K99: =IF(K98=0, "", IF(MOD(K98, $D$43) = 0, K98/ $D$43, IF(INT(K98 / $D$43) = 0, MOD(K98, $D$43) & " P", INT(K98 / $D$43) & " + " & MOD(K98, $D$43) & " P"))) -> 2 P | L99: =IF(L98=0, "", IF(MOD(L98, $D$43) = 0, L98/ $D$43, IF(INT(L98 / $D$43) = 0, MOD(L98, $D$43) & " P", INT(L98 / $D$43) & " + " & MOD(L98, $D$43) & " P"))) -> 2 + 8 P | ... P99: =IF(P98=0, "", IF(MOD(P98, $D$43) = 0, P98/ $D$43, IF(INT(P98 / $D$43) = 0, MOD(P98, $D$43) & " P", INT(P98 / $D$43) & " + " & MOD(P98, $D$43) & " P"))) -> 2 P
B100: 16 | C100: เบอร์รี่ดูโอ้ 160 กรัม x 32 P | D100: 32 | I100: 8 | J100: 0 | K100: 2 | L100: 28 | M100: 42 | N100: 1 | O100: 3 | P100: 0 | Q100: =SUM(E100:P100) -> 84 | R100: 7 | S100: 170 | T100: =SUM(S100-Q100) -> 86 | V100: =SUM(E100,F100) -> 0 | W100: =SUM(G100,H100) -> 0 | X100: =SUM(I100,J100) -> 8 | Y100: =SUM(K100,L100,M100,) -> 72 | Z100: =SUM(N100,O100,P100) -> 4 | AK100: =IF(AK91=0, "", IF(MOD(AK91, $D$35) = 0, AK91/ $D$35, IF(INT(AK91 / $D$35) = 0, MOD(AK91, $D$35) & " P", INT(AK91 / $D$35) & " + " & MOD(AK91, $D$35) & " P")))
C101: Berry Duo 160g. ( 8859388010239 ) | E101: =IF(E100=0, "", IF(MOD(E100, $D$45) = 0, E100/ $D$45, IF(INT(E100 / $D$45) = 0, MOD(E100, $D$45) & " P", INT(E100 / $D$45) & " + " & MOD(E100, $D$45) & " P"))) | F101: =IF(F100=0, "", IF(MOD(F100, $D$45) = 0, F100/ $D$45, IF(INT(F100 / $D$45) = 0, MOD(F100, $D$45) & " P", INT(F100 / $D$45) & " + " & MOD(F100, $D$45) & " P"))) | G101: =IF(G100=0, "", IF(MOD(G100, $D$45) = 0, G100/ $D$45, IF(INT(G100 / $D$45) = 0, MOD(G100, $D$45) & " P", INT(G100 / $D$45) & " + " & MOD(G100, $D$45) & " P"))) | H101: =IF(H100=0, "", IF(MOD(H100, $D$45) = 0, H100/ $D$45, IF(INT(H100 / $D$45) = 0, MOD(H100, $D$45) & " P", INT(H100 / $D$45) & " + " & MOD(H100, $D$45) & " P"))) | I101: =IF(I100=0, "", IF(MOD(I100, $D$45) = 0, I100/ $D$45, IF(INT(I100 / $D$45) = 0, MOD(I100, $D$45) & " P", INT(I100 / $D$45) & " + " & MOD(I100, $D$45) & " P"))) -> 8 P | J101: =IF(J100=0, "", IF(MOD(J100, $D$45) = 0, J100/ $D$45, IF(INT(J100 / $D$45) = 0, MOD(J100, $D$45) & " P", INT(J100 / $D$45) & " + " & MOD(J100, $D$45) & " P"))) | K101: =IF(K100=0, "", IF(MOD(K100, $D$45) = 0, K100/ $D$45, IF(INT(K100 / $D$45) = 0, MOD(K100, $D$45) & " P", INT(K100 / $D$45) & " + " & MOD(K100, $D$45) & " P"))) -> 2 P | L101: =IF(L100=0, "", IF(MOD(L100, $D$45) = 0, L100/ $D$45, IF(INT(L100 / $D$45) = 0, MOD(L100, $D$45) & " P", INT(L100 / $D$45) & " + " & MOD(L100, $D$45) & " P"))) -> 28 P | ... P101: =IF(P100=0, "", IF(MOD(P100, $D$45) = 0, P100/ $D$45, IF(INT(P100 / $D$45) = 0, MOD(P100, $D$45) & " P", INT(P100 / $D$45) & " + " & MOD(P100, $D$45) & " P")))
B102: 17 | C102: สาลี่ทอง แพ็ก 2 ผล (400g.) x 15 P | D102: 15 | I102: 0 | J102: 1 | K102: 1 | L102: 11 | M102: 22 | N102: 1 | O102: 0 | P102: 0 | Q102: =SUM(E102:P102) -> 36 | R102: 6 | S102: 110 | T102: =SUM(S102-Q102) -> 74 | V102: =SUM(E102,F102) -> 0 | W102: =SUM(G102,H102) -> 0 | X102: =SUM(I102,J102) -> 1 | Y102: =SUM(K102,L102,M102,) -> 34 | Z102: =SUM(N102,O102,P102) -> 1 | AK102: =IF(AK91=0, "", IF(MOD(AK91, $D$35) = 0, AK91/ $D$35, IF(INT(AK91 / $D$35) = 0, MOD(AK91, $D$35) & " P", INT(AK91 / $D$35) & " + " & MOD(AK91, $D$35) & " P")))
C103: Pear 400g (8859388010284 ) | E103: =IF(E102=0, "", IF(MOD(E102, $D$47) = 0, E102/ $D$47, IF(INT(E102 / $D$47) = 0, MOD(E102, $D$47) & " P", INT(E102 / $D$47) & " + " & MOD(E102, $D$47) & " P"))) | F103: =IF(F102=0, "", IF(MOD(F102, $D$47) = 0, F102/ $D$47, IF(INT(F102 / $D$47) = 0, MOD(F102, $D$47) & " P", INT(F102 / $D$47) & " + " & MOD(F102, $D$47) & " P"))) | G103: =IF(G102=0, "", IF(MOD(G102, $D$47) = 0, G102/ $D$47, IF(INT(G102 / $D$47) = 0, MOD(G102, $D$47) & " P", INT(G102 / $D$47) & " + " & MOD(G102, $D$47) & " P"))) | H103: =IF(H102=0, "", IF(MOD(H102, $D$47) = 0, H102/ $D$47, IF(INT(H102 / $D$47) = 0, MOD(H102, $D$47) & " P", INT(H102 / $D$47) & " + " & MOD(H102, $D$47) & " P"))) | I103: =IF(I102=0, "", IF(MOD(I102, $D$47) = 0, I102/ $D$47, IF(INT(I102 / $D$47) = 0, MOD(I102, $D$47) & " P", INT(I102 / $D$47) & " + " & MOD(I102, $D$47) & " P"))) | J103: =IF(J102=0, "", IF(MOD(J102, $D$47) = 0, J102/ $D$47, IF(INT(J102 / $D$47) = 0, MOD(J102, $D$47) & " P", INT(J102 / $D$47) & " + " & MOD(J102, $D$47) & " P"))) -> 1 P | K103: =IF(K102=0, "", IF(MOD(K102, $D$47) = 0, K102/ $D$47, IF(INT(K102 / $D$47) = 0, MOD(K102, $D$47) & " P", INT(K102 / $D$47) & " + " & MOD(K102, $D$47) & " P"))) -> 1 P | L103: =IF(L102=0, "", IF(MOD(L102, $D$47) = 0, L102/ $D$47, IF(INT(L102 / $D$47) = 0, MOD(L102, $D$47) & " P", INT(L102 / $D$47) & " + " & MOD(L102, $D$47) & " P"))) -> 11 P | ... P103: =IF(P102=0, "", IF(MOD(P102, $D$47) = 0, P102/ $D$47, IF(INT(P102 / $D$47) = 0, MOD(P102, $D$47) & " P", INT(P102 / $D$47) & " + " & MOD(P102, $D$47) & " P")))
B104: 18 | C104: สาลี่ทอง แพ็ก 4 ผล (800g.) x 8 P | D104: 8 | I104: 2 | J104: 0 | K104: 0 | L104: 2 | M104: 3 | N104: 2 | O104: 3 | P104: 0 | Q104: =SUM(E104:P104) -> 12 | R104: 5 | S104: 50 | T104: =SUM(S104-Q104) -> 38 | V104: =SUM(E104,F104) -> 0 | W104: =SUM(G104,H104) -> 0 | X104: =SUM(I104,J104) -> 2 | Y104: =SUM(K104,L104,M104,) -> 5 | Z104: =SUM(N104,O104,P104) -> 5 | AK104: =IF(AK95=0, "", IF(MOD(AK95, $D$35) = 0, AK95/ $D$35, IF(INT(AK95 / $D$35) = 0, MOD(AK95, $D$35) & " P", INT(AK95 / $D$35) & " + " & MOD(AK95, $D$35) & " P")))
C105: Pear 800g (8859388010277 ) | E105: =IF(E104=0, "", IF(MOD(E104, $D$49) = 0, E104/ $D$49, IF(INT(E104 / $D$49) = 0, MOD(E104, $D$49) & " P", INT(E104 / $D$49) & " + " & MOD(E104, $D$49) & " P"))) | F105: =IF(F104=0, "", IF(MOD(F104, $D$49) = 0, F104/ $D$49, IF(INT(F104 / $D$49) = 0, MOD(F104, $D$49) & " P", INT(F104 / $D$49) & " + " & MOD(F104, $D$49) & " P"))) | G105: =IF(G104=0, "", IF(MOD(G104, $D$49) = 0, G104/ $D$49, IF(INT(G104 / $D$49) = 0, MOD(G104, $D$49) & " P", INT(G104 / $D$49) & " + " & MOD(G104, $D$49) & " P"))) | H105: =IF(H104=0, "", IF(MOD(H104, $D$49) = 0, H104/ $D$49, IF(INT(H104 / $D$49) = 0, MOD(H104, $D$49) & " P", INT(H104 / $D$49) & " + " & MOD(H104, $D$49) & " P"))) | I105: =IF(I104=0, "", IF(MOD(I104, $D$49) = 0, I104/ $D$49, IF(INT(I104 / $D$49) = 0, MOD(I104, $D$49) & " P", INT(I104 / $D$49) & " + " & MOD(I104, $D$49) & " P"))) -> 2 P | J105: =IF(J104=0, "", IF(MOD(J104, $D$49) = 0, J104/ $D$49, IF(INT(J104 / $D$49) = 0, MOD(J104, $D$49) & " P", INT(J104 / $D$49) & " + " & MOD(J104, $D$49) & " P"))) | K105: =IF(K104=0, "", IF(MOD(K104, $D$49) = 0, K104/ $D$49, IF(INT(K104 / $D$49) = 0, MOD(K104, $D$49) & " P", INT(K104 / $D$49) & " + " & MOD(K104, $D$49) & " P"))) | L105: =IF(L104=0, "", IF(MOD(L104, $D$49) = 0, L104/ $D$49, IF(INT(L104 / $D$49) = 0, MOD(L104, $D$49) & " P", INT(L104 / $D$49) & " + " & MOD(L104, $D$49) & " P"))) -> 2 P | ... P105: =IF(P104=0, "", IF(MOD(P104, $D$49) = 0, P104/ $D$49, IF(INT(P104 / $D$49) = 0, MOD(P104, $D$49) & " P", INT(P104 / $D$49) & " + " & MOD(P104, $D$49) & " P")))
B106: รวมยอดตะกร้า | I106: -19 | J106: -14 | K106: -10 | L106: -27 | M106: -41 | N106: -42 | O106: -44 | P106: -3 | R106: =SUM(R70:R105) -> 200
B108: ลายมือชื่อ | D108: เริ่มโหลด | F108: โหลดเสร็จ | H108: หมายเหตุ | J108: *เบิกตะกร้ากลับด้วยนะคะ = | Q108: =SUM(R106) -> 200 | R108: ใบ
B109: แพ็คกิ้ง
B110: เช็คเกอร์ | K110: รถมีผ้าม่านปิด หรือไม่( ✓)
B111: ขนส่ง | K111: มี | L111: ไม่มี | N111: ลายเซ็น คนขึ้นของ
B128: ผู้ส่ง : 7-11 บางบัวทอง 4 ล้อ จัมโบ้ รอบ 2 พี่ตี๋ | G128: วันที่ 08/09/69 PO.08/09/69
B130: เซเว่น-บางบัวทอง | D130: บรรจุ/ตก. | E130: 14.00 น. | G130: 13.00 น. | I130: 11.00 น | K130: 09.00 น | N130: 08.00 น. | Q130: ยอดรวม | S130: ยอดเผื่อ | T130: คงเหลือ | V130: KK | W130: SRR | X130: CMI | Y130: HKT | Z130: HDY
E131: ขอนแก่น KK | G131: สุราษร์ธานี ST | I131: เชียงใหม่ CM | K131: ภูเก็ต PK | N131: หาดใหญ่ HY
E132: PO1 | F132: PO 2 | G132: PO1 | H132: PO 2 | I132: PO1 | J132: PO 2 | K132: PO1 | L132: PO 2 | M132: PO3 | N132: PO1 | O132: PO2 | P132: PO3 | Q132: รวมแพค | R132: ตะกร้า | AK132: 32
B133: 1 | C133: องุ่นดำไร้เมล็ด 150 กรัม x36P | D133: 36 | E133: 15 | F133: 11 | G133: 41 | H133: 52 | Q133: =SUM(E133:P133) -> 119 | R133: 6 | S133: 250 | T133: =SUM(S133-Q133) -> 131 | V133: =SUM(E133,F133) -> 26 | W133: =SUM(G133,H133) -> 93 | X133: =SUM(I133,J133) -> 0 | Y133: =SUM(K133,L133,M133,) -> 0 | Z133: =SUM(N133,O133,P133) -> 0 | AK133: =IF(AK132=0, "", IF(MOD(AK132, $D$15) = 0, AK132 / $D$15, IF(INT(AK132 / $D$15) = 0, MOD(AK132, $D$15) & " P", INT(AK132 / $D$15) & " + " & MOD(AK132, $D$15) & " P"))) -> 32 P
C134: BlackGrapesSeedless150 g. (8859388000025 ) | E134: =IF(E133=0, "", IF(MOD(E133, $D$15) = 0, E133 / $D$15, IF(INT(E133 / $D$15) = 0, MOD(E133, $D$15) & " P", INT(E133 / $D$15) & " + " & MOD(E133, $D$15) & " P"))) -> 15 P | F134: =IF(F133=0, "", IF(MOD(F133, $D$15) = 0, F133 / $D$15, IF(INT(F133 / $D$15) = 0, MOD(F133, $D$15) & " P", INT(F133 / $D$15) & " + " & MOD(F133, $D$15) & " P"))) -> 11 P | G134: =IF(G133=0, "", IF(MOD(G133, $D$15) = 0, G133 / $D$15, IF(INT(G133 / $D$15) = 0, MOD(G133, $D$15) & " P", INT(G133 / $D$15) & " + " & MOD(G133, $D$15) & " P"))) -> 1 + 5 P | H134: =IF(H133=0, "", IF(MOD(H133, $D$15) = 0, H133 / $D$15, IF(INT(H133 / $D$15) = 0, MOD(H133, $D$15) & " P", INT(H133 / $D$15) & " + " & MOD(H133, $D$15) & " P"))) -> 1 + 16 P | I134: =IF(I133=0, "", IF(MOD(I133, $D$15) = 0, I133 / $D$15, IF(INT(I133 / $D$15) = 0, MOD(I133, $D$15) & " P", INT(I133 / $D$15) & " + " & MOD(I133, $D$15) & " P"))) | J134: =IF(J133=0, "", IF(MOD(J133, $D$15) = 0, J133 / $D$15, IF(INT(J133 / $D$15) = 0, MOD(J133, $D$15) & " P", INT(J133 / $D$15) & " + " & MOD(J133, $D$15) & " P"))) | K134: =IF(K133=0, "", IF(MOD(K133, $D$15) = 0, K133 / $D$15, IF(INT(K133 / $D$15) = 0, MOD(K133, $D$15) & " P", INT(K133 / $D$15) & " + " & MOD(K133, $D$15) & " P"))) | L134: =IF(L133=0, "", IF(MOD(L133, $D$15) = 0, L133 / $D$15, IF(INT(L133 / $D$15) = 0, MOD(L133, $D$15) & " P", INT(L133 / $D$15) & " + " & MOD(L133, $D$15) & " P"))) | ... P134: =IF(P133=0, "", IF(MOD(P133, $D$15) = 0, P133 / $D$15, IF(INT(P133 / $D$15) = 0, MOD(P133, $D$15) & " P", INT(P133 / $D$15) & " + " & MOD(P133, $D$15) & " P"))) | AK134: 129
B135: 2 | C135: องุ่นแดงนอกมีเมล็ด 200 กรัม x 32 P | D135: 32 | E135: 33 | F135: 41 | G135: 146 | H135: 91 | Q135: =SUM(E135:P135) -> 311 | R135: 12 | S135: 650 | T135: =SUM(S135-Q135) -> 339 | V135: =SUM(E135,F135) -> 74 | W135: =SUM(G135,H135) -> 237 | X135: =SUM(I135,J135) -> 0 | Y135: =SUM(K135,L135,M135,) -> 0 | Z135: =SUM(N135,O135,P135) -> 0 | AK135: =IF(AK134=0, "", IF(MOD(AK134, $D$17) = 0, AK134 / $D$17, IF(INT(AK134 / $D$17) = 0, MOD(AK134, $D$17) & " P", INT(AK134 / $D$17) & " + " & MOD(AK134, $D$17) & " P"))) -> 4 + 1 P
C136: Red Seed 200 g. ( 8859388000100 ) | E136: =IF(E135=0, "", IF(MOD(E135, $D$17) = 0, E135 / $D$17, IF(INT(E135 / $D$17) = 0, MOD(E135, $D$17) & " P", INT(E135 / $D$17) & " + " & MOD(E135, $D$17) & " P"))) -> 1 + 1 P | F136: =IF(F135=0, "", IF(MOD(F135, $D$17) = 0, F135 / $D$17, IF(INT(F135 / $D$17) = 0, MOD(F135, $D$17) & " P", INT(F135 / $D$17) & " + " & MOD(F135, $D$17) & " P"))) -> 1 + 9 P | G136: =IF(G135=0, "", IF(MOD(G135, $D$17) = 0, G135 / $D$17, IF(INT(G135 / $D$17) = 0, MOD(G135, $D$17) & " P", INT(G135 / $D$17) & " + " & MOD(G135, $D$17) & " P"))) -> 4 + 18 P | H136: =IF(H135=0, "", IF(MOD(H135, $D$17) = 0, H135 / $D$17, IF(INT(H135 / $D$17) = 0, MOD(H135, $D$17) & " P", INT(H135 / $D$17) & " + " & MOD(H135, $D$17) & " P"))) -> 2 + 27 P | I136: =IF(I135=0, "", IF(MOD(I135, $D$17) = 0, I135 / $D$17, IF(INT(I135 / $D$17) = 0, MOD(I135, $D$17) & " P", INT(I135 / $D$17) & " + " & MOD(I135, $D$17) & " P"))) | J136: =IF(J135=0, "", IF(MOD(J135, $D$17) = 0, J135 / $D$17, IF(INT(J135 / $D$17) = 0, MOD(J135, $D$17) & " P", INT(J135 / $D$17) & " + " & MOD(J135, $D$17) & " P"))) | K136: =IF(K135=0, "", IF(MOD(K135, $D$17) = 0, K135 / $D$17, IF(INT(K135 / $D$17) = 0, MOD(K135, $D$17) & " P", INT(K135 / $D$17) & " + " & MOD(K135, $D$17) & " P"))) | L136: =IF(L135=0, "", IF(MOD(L135, $D$17) = 0, L135 / $D$17, IF(INT(L135 / $D$17) = 0, MOD(L135, $D$17) & " P", INT(L135 / $D$17) & " + " & MOD(L135, $D$17) & " P"))) | ... P136: =IF(P135=0, "", IF(MOD(P135, $D$17) = 0, P135 / $D$17, IF(INT(P135 / $D$17) = 0, MOD(P135, $D$17) & " P", INT(P135 / $D$17) & " + " & MOD(P135, $D$17) & " P"))) | AK136: 54
...

Sheet บางบัวทอง-ผลิต (2)
B10: ผู้ส่ง : 7-11 บางบัวทอง 4ล้อจัมโบ้ | E10: วันที่ 03/08/69 PO.03/08/69
B12: เซเว่น-บางบัวทอง | D12: บรรจุ/ตก. | E12: 14.00 น. | G12: 13.00 น. | I12: 11.00 น | K12: 09.00 น | N12: 08.00 น. | Q12: ยอดรวม | S12: ยอดเผื่อ | T12: คงเหลือ | V12: KK | W12: SRR | X12: CMI | Y12: HKT | Z12: HDY
E13: ขอนแก่น KK | G13: สุราษร์ธานี ST | I13: เชียงใหม่ CM | K13: ภูเก็ต PK | N13: หาดใหญ่ HY
E14: PO1 | F14: PO 2 | G14: PO1 | H14: PO 2 | I14: PO1 | J14: PO 2 | K14: PO1 | L14: PO 2 | M14: PO3 | N14: PO1 | O14: PO2 | P14: PO3 | Q14: รวมแพค | R14: ตะกร้า | AK14: 32
B15: 1 | C15: องุ่นดำไร้เมล็ด 150 กรัม x36P | D15: 36 | E15: 18 | F15: 16 | G15: 52 | H15: 55 | Q15: =SUM(E15:P15) -> 141 | R15: 6 | S15: 350 | T15: =SUM(S15-Q15) -> 209 | V15: =SUM(E15,F15) -> 34 | W15: =SUM(G15,H15) -> 107 | X15: =SUM(I15,J15) -> 0 | Y15: =SUM(K15,L15,M15,) -> 0 | Z15: =SUM(N15,O15,P15) -> 0 | AK15: =IF(AK14=0, "", IF(MOD(AK14, $D$15) = 0, AK14 / $D$15, IF(INT(AK14 / $D$15) = 0, MOD(AK14, $D$15) & " P", INT(AK14 / $D$15) & " + " & MOD(AK14, $D$15) & " P"))) -> 32 P
C16: BlackGrapesSeedless150 g. (8859388000025 ) | E16: =IF(E15=0, "", IF(MOD(E15, $D$15) = 0, E15 / $D$15, IF(INT(E15 / $D$15) = 0, MOD(E15, $D$15) & " P", INT(E15 / $D$15) & " + " & MOD(E15, $D$15) & " P"))) -> 18 P | F16: =IF(F15=0, "", IF(MOD(F15, $D$15) = 0, F15 / $D$15, IF(INT(F15 / $D$15) = 0, MOD(F15, $D$15) & " P", INT(F15 / $D$15) & " + " & MOD(F15, $D$15) & " P"))) -> 16 P | G16: =IF(G15=0, "", IF(MOD(G15, $D$15) = 0, G15 / $D$15, IF(INT(G15 / $D$15) = 0, MOD(G15, $D$15) & " P", INT(G15 / $D$15) & " + " & MOD(G15, $D$15) & " P"))) -> 1 + 16 P | H16: =IF(H15=0, "", IF(MOD(H15, $D$15) = 0, H15 / $D$15, IF(INT(H15 / $D$15) = 0, MOD(H15, $D$15) & " P", INT(H15 / $D$15) & " + " & MOD(H15, $D$15) & " P"))) -> 1 + 19 P | I16: =IF(I15=0, "", IF(MOD(I15, $D$15) = 0, I15 / $D$15, IF(INT(I15 / $D$15) = 0, MOD(I15, $D$15) & " P", INT(I15 / $D$15) & " + " & MOD(I15, $D$15) & " P"))) | J16: =IF(J15=0, "", IF(MOD(J15, $D$15) = 0, J15 / $D$15, IF(INT(J15 / $D$15) = 0, MOD(J15, $D$15) & " P", INT(J15 / $D$15) & " + " & MOD(J15, $D$15) & " P"))) | K16: =IF(K15=0, "", IF(MOD(K15, $D$15) = 0, K15 / $D$15, IF(INT(K15 / $D$15) = 0, MOD(K15, $D$15) & " P", INT(K15 / $D$15) & " + " & MOD(K15, $D$15) & " P"))) | L16: =IF(L15=0, "", IF(MOD(L15, $D$15) = 0, L15 / $D$15, IF(INT(L15 / $D$15) = 0, MOD(L15, $D$15) & " P", INT(L15 / $D$15) & " + " & MOD(L15, $D$15) & " P"))) | ... P16: =IF(P15=0, "", IF(MOD(P15, $D$15) = 0, P15 / $D$15, IF(INT(P15 / $D$15) = 0, MOD(P15, $D$15) & " P", INT(P15 / $D$15) & " + " & MOD(P15, $D$15) & " P"))) | AK16: 129
B17: 2 | C17: องุ่นแดงนอกมีเมล็ด 200 กรัม x 32 P | D17: 32 | E17: 35 | F17: 34 | G17: 139 | H17: 90 | Q17: =SUM(E17:P17) -> 298 | R17: 12 | S17: 790 | T17: =SUM(S17-Q17) -> 492 | V17: =SUM(E17,F17) -> 69 | W17: =SUM(G17,H17) -> 229 | X17: =SUM(I17,J17) -> 0 | Y17: =SUM(K17,L17,M17,) -> 0 | Z17: =SUM(N17,O17,P17) -> 0 | AK17: =IF(AK16=0, "", IF(MOD(AK16, $D$17) = 0, AK16 / $D$17, IF(INT(AK16 / $D$17) = 0, MOD(AK16, $D$17) & " P", INT(AK16 / $D$17) & " + " & MOD(AK16, $D$17) & " P"))) -> 4 + 1 P
C18: Red Seed 200 g. ( 8859388000100 ) | E18: =IF(E17=0, "", IF(MOD(E17, $D$17) = 0, E17 / $D$17, IF(INT(E17 / $D$17) = 0, MOD(E17, $D$17) & " P", INT(E17 / $D$17) & " + " & MOD(E17, $D$17) & " P"))) -> 1 + 3 P | F18: =IF(F17=0, "", IF(MOD(F17, $D$17) = 0, F17 / $D$17, IF(INT(F17 / $D$17) = 0, MOD(F17, $D$17) & " P", INT(F17 / $D$17) & " + " & MOD(F17, $D$17) & " P"))) -> 1 + 2 P | G18: =IF(G17=0, "", IF(MOD(G17, $D$17) = 0, G17 / $D$17, IF(INT(G17 / $D$17) = 0, MOD(G17, $D$17) & " P", INT(G17 / $D$17) & " + " & MOD(G17, $D$17) & " P"))) -> 4 + 11 P | H18: =IF(H17=0, "", IF(MOD(H17, $D$17) = 0, H17 / $D$17, IF(INT(H17 / $D$17) = 0, MOD(H17, $D$17) & " P", INT(H17 / $D$17) & " + " & MOD(H17, $D$17) & " P"))) -> 2 + 26 P | I18: =IF(I17=0, "", IF(MOD(I17, $D$17) = 0, I17 / $D$17, IF(INT(I17 / $D$17) = 0, MOD(I17, $D$17) & " P", INT(I17 / $D$17) & " + " & MOD(I17, $D$17) & " P"))) | J18: =IF(J17=0, "", IF(MOD(J17, $D$17) = 0, J17 / $D$17, IF(INT(J17 / $D$17) = 0, MOD(J17, $D$17) & " P", INT(J17 / $D$17) & " + " & MOD(J17, $D$17) & " P"))) | K18: =IF(K17=0, "", IF(MOD(K17, $D$17) = 0, K17 / $D$17, IF(INT(K17 / $D$17) = 0, MOD(K17, $D$17) & " P", INT(K17 / $D$17) & " + " & MOD(K17, $D$17) & " P"))) | L18: =IF(L17=0, "", IF(MOD(L17, $D$17) = 0, L17 / $D$17, IF(INT(L17 / $D$17) = 0, MOD(L17, $D$17) & " P", INT(L17 / $D$17) & " + " & MOD(L17, $D$17) & " P"))) | ... P18: =IF(P17=0, "", IF(MOD(P17, $D$17) = 0, P17 / $D$17, IF(INT(P17 / $D$17) = 0, MOD(P17, $D$17) & " P", INT(P17 / $D$17) & " + " & MOD(P17, $D$17) & " P"))) | AK18: 54
B19: 3 | C19: เชอร์รี่สดนำเข้า 150 กรัม (USA.) x36 P | D19: 36 | E19: 3 | F19: 8 | G19: 42 | H19: 20 | Q19: =SUM(E19:P19) -> 73 | R19: 5 | S19: 240 | T19: =SUM(S19-Q19) -> 167 | V19: =SUM(E19,F19) -> 11 | W19: =SUM(G19,H19) -> 62 | X19: =SUM(I19,J19) -> 0 | Y19: =SUM(K19,L19,M19,) -> 0 | Z19: =SUM(N19,O19,P19) -> 0 | AK19: =IF(AK18=0, "", IF(MOD(AK18, $D$19) = 0, AK18/ $D$19, IF(INT(AK18 / $D$19) = 0, MOD(AK18, $D$19) & " P", INT(AK18 / $D$19) & " + " & MOD(AK18, $D$19) & " P"))) -> 1 + 18 P
C20: Cherry150g (8859388008885 ) | E20: =IF(E19=0, "", IF(MOD(E19, $D$19) = 0, E19/ $D$19, IF(INT(E19 / $D$19) = 0, MOD(E19, $D$19) & " P", INT(E19 / $D$19) & " + " & MOD(E19, $D$19) & " P"))) -> 3 P | F20: =IF(F19=0, "", IF(MOD(F19, $D$19) = 0, F19/ $D$19, IF(INT(F19 / $D$19) = 0, MOD(F19, $D$19) & " P", INT(F19 / $D$19) & " + " & MOD(F19, $D$19) & " P"))) -> 8 P | G20: =IF(G19=0, "", IF(MOD(G19, $D$19) = 0, G19/ $D$19, IF(INT(G19 / $D$19) = 0, MOD(G19, $D$19) & " P", INT(G19 / $D$19) & " + " & MOD(G19, $D$19) & " P"))) -> 1 + 6 P | H20: =IF(H19=0, "", IF(MOD(H19, $D$19) = 0, H19/ $D$19, IF(INT(H19 / $D$19) = 0, MOD(H19, $D$19) & " P", INT(H19 / $D$19) & " + " & MOD(H19, $D$19) & " P"))) -> 20 P | I20: =IF(I19=0, "", IF(MOD(I19, $D$19) = 0, I19/ $D$19, IF(INT(I19 / $D$19) = 0, MOD(I19, $D$19) & " P", INT(I19 / $D$19) & " + " & MOD(I19, $D$19) & " P"))) | J20: =IF(J19=0, "", IF(MOD(J19, $D$19) = 0, J19/ $D$19, IF(INT(J19 / $D$19) = 0, MOD(J19, $D$19) & " P", INT(J19 / $D$19) & " + " & MOD(J19, $D$19) & " P"))) | K20: =IF(K19=0, "", IF(MOD(K19, $D$19) = 0, K19/ $D$19, IF(INT(K19 / $D$19) = 0, MOD(K19, $D$19) & " P", INT(K19 / $D$19) & " + " & MOD(K19, $D$19) & " P"))) | L20: =IF(L19=0, "", IF(MOD(L19, $D$19) = 0, L19/ $D$19, IF(INT(L19 / $D$19) = 0, MOD(L19, $D$19) & " P", INT(L19 / $D$19) & " + " & MOD(L19, $D$19) & " P"))) | ... P20: =IF(P19=0, "", IF(MOD(P19, $D$19) = 0, P19/ $D$19, IF(INT(P19 / $D$19) = 0, MOD(P19, $D$19) & " P", INT(P19 / $D$19) & " + " & MOD(P19, $D$19) & " P"))) | AK20: 12
B21: 4 | C21: องุ่นแดงไร้เมล็ด150กรัม x 32 Pไข่ปลา | D21: 32 | E21: 131 | F21: 156 | G21: 203 | H21: 209 | Q21: =SUM(E21:P21) -> 699 | R21: 24 | S21: 1272 | T21: =SUM(S21-Q21) -> 573 | V21: =SUM(E21,F21) -> 287 | W21: =SUM(G21,H21) -> 412 | X21: =SUM(I21,J21) -> 0 | Y21: =SUM(K21,L21,M21,) -> 0 | Z21: =SUM(N21,O21,P21) -> 0 | AK21: =IF(AK20=0, "", IF(MOD(AK20, $D$21) = 0, AK20/ $D$21, IF(INT(AK20 / $D$21) = 0, MOD(AK20, $D$21) & " P", INT(AK20 / $D$21) & " + " & MOD(AK20, $D$21) & " P"))) -> 12 P
C22: Red Seedless 150 g. ( 8859388007000 ) | E22: =IF(E21=0, "", IF(MOD(E21, $D$21) = 0, E21/ $D$21, IF(INT(E21 / $D$21) = 0, MOD(E21, $D$21) & " P", INT(E21 / $D$21) & " + " & MOD(E21, $D$21) & " P"))) -> 4 + 3 P | F22: =IF(F21=0, "", IF(MOD(F21, $D$21) = 0, F21/ $D$21, IF(INT(F21 / $D$21) = 0, MOD(F21, $D$21) & " P", INT(F21 / $D$21) & " + " & MOD(F21, $D$21) & " P"))) -> 4 + 28 P | G22: =IF(G21=0, "", IF(MOD(G21, $D$21) = 0, G21/ $D$21, IF(INT(G21 / $D$21) = 0, MOD(G21, $D$21) & " P", INT(G21 / $D$21) & " + " & MOD(G21, $D$21) & " P"))) -> 6 + 11 P | H22: =IF(H21=0, "", IF(MOD(H21, $D$21) = 0, H21/ $D$21, IF(INT(H21 / $D$21) = 0, MOD(H21, $D$21) & " P", INT(H21 / $D$21) & " + " & MOD(H21, $D$21) & " P"))) -> 6 + 17 P | I22: =IF(I21=0, "", IF(MOD(I21, $D$21) = 0, I21/ $D$21, IF(INT(I21 / $D$21) = 0, MOD(I21, $D$21) & " P", INT(I21 / $D$21) & " + " & MOD(I21, $D$21) & " P"))) | J22: =IF(J21=0, "", IF(MOD(J21, $D$21) = 0, J21/ $D$21, IF(INT(J21 / $D$21) = 0, MOD(J21, $D$21) & " P", INT(J21 / $D$21) & " + " & MOD(J21, $D$21) & " P"))) | K22: =IF(K21=0, "", IF(MOD(K21, $D$21) = 0, K21/ $D$21, IF(INT(K21 / $D$21) = 0, MOD(K21, $D$21) & " P", INT(K21 / $D$21) & " + " & MOD(K21, $D$21) & " P"))) | L22: =IF(L21=0, "", IF(MOD(L21, $D$21) = 0, L21/ $D$21, IF(INT(L21 / $D$21) = 0, MOD(L21, $D$21) & " P", INT(L21 / $D$21) & " + " & MOD(L21, $D$21) & " P"))) | ... P22: =IF(P21=0, "", IF(MOD(P21, $D$21) = 0, P21/ $D$21, IF(INT(P21 / $D$21) = 0, MOD(P21, $D$21) & " P", INT(P21 / $D$21) & " + " & MOD(P21, $D$21) & " P"))) | AK22: 227
B23: 5 | C23: สตรอเบอร์รี่ 250 กรัม x 18 P | D23: 18 | E23: 3 | F23: 0 | G23: 24 | H23: 7 | Q23: =SUM(E23:P23) -> 34 | R23: 4 | S23: 100 | T23: =SUM(S23-Q23) -> 66 | V23: =SUM(E23,F23) -> 3 | W23: =SUM(G23,H23) -> 31 | X23: =SUM(I23,J23) -> 0 | Y23: =SUM(K23,L23,M23,) -> 0 | Z23: =SUM(N23,O23,P23) -> 0 | AK23: =IF(AK22=0, "", IF(MOD(AK22, $D$23) = 0, AK22/ $D$23, IF(INT(AK22 / $D$23) = 0, MOD(AK22, $D$23) & " P", INT(AK22 / $D$23) & " + " & MOD(AK22, $D$23) & " P"))) -> 12 + 11 P
C24: Straw USA 250 g. ( 2003009710008 ) | E24: =IF(E23=0, "", IF(MOD(E23, $D$23) = 0, E23/ $D$23, IF(INT(E23 / $D$23) = 0, MOD(E23, $D$23) & " P", INT(E23 / $D$23) & " + " & MOD(E23, $D$23) & " P"))) -> 3 P | F24: =IF(F23=0, "", IF(MOD(F23, $D$23) = 0, F23/ $D$23, IF(INT(F23 / $D$23) = 0, MOD(F23, $D$23) & " P", INT(F23 / $D$23) & " + " & MOD(F23, $D$23) & " P"))) | G24: =IF(G23=0, "", IF(MOD(G23, $D$23) = 0, G23/ $D$23, IF(INT(G23 / $D$23) = 0, MOD(G23, $D$23) & " P", INT(G23 / $D$23) & " + " & MOD(G23, $D$23) & " P"))) -> 1 + 6 P | H24: =IF(H23=0, "", IF(MOD(H23, $D$23) = 0, H23/ $D$23, IF(INT(H23 / $D$23) = 0, MOD(H23, $D$23) & " P", INT(H23 / $D$23) & " + " & MOD(H23, $D$23) & " P"))) -> 7 P | I24: =IF(I23=0, "", IF(MOD(I23, $D$23) = 0, I23/ $D$23, IF(INT(I23 / $D$23) = 0, MOD(I23, $D$23) & " P", INT(I23 / $D$23) & " + " & MOD(I23, $D$23) & " P"))) | J24: =IF(J23=0, "", IF(MOD(J23, $D$23) = 0, J23/ $D$23, IF(INT(J23 / $D$23) = 0, MOD(J23, $D$23) & " P", INT(J23 / $D$23) & " + " & MOD(J23, $D$23) & " P"))) | K24: =IF(K23=0, "", IF(MOD(K23, $D$23) = 0, K23/ $D$23, IF(INT(K23 / $D$23) = 0, MOD(K23, $D$23) & " P", INT(K23 / $D$23) & " + " & MOD(K23, $D$23) & " P"))) | L24: =IF(L23=0, "", IF(MOD(L23, $D$23) = 0, L23/ $D$23, IF(INT(L23 / $D$23) = 0, MOD(L23, $D$23) & " P", INT(L23 / $D$23) & " + " & MOD(L23, $D$23) & " P"))) | ... P24: =IF(P23=0, "", IF(MOD(P23, $D$23) = 0, P23/ $D$23, IF(INT(P23 / $D$23) = 0, MOD(P23, $D$23) & " P", INT(P23 / $D$23) & " + " & MOD(P23, $D$23) & " P"))) | AK24: 25
B25: 6 | C25: บลูเบอร์รี่ 125 กรัม x 36 P | D25: 36 | E25: 10 | F25: 8 | G25: 123 | H25: 51 | Q25: =SUM(E25:P25) -> 192 | R25: 8 | S25: 650 | T25: =SUM(S25-Q25) -> 458 | V25: =SUM(E25,F25) -> 18 | W25: =SUM(G25,H25) -> 174 | X25: =SUM(I25,J25) -> 0 | Y25: =SUM(K25,L25,M25,) -> 0 | Z25: =SUM(N25,O25,P25) -> 0 | AK25: =IF(AK24=0, "", IF(MOD(AK24, $D$25) = 0, AK24/ $D$25, IF(INT(AK24 / $D$25) = 0, MOD(AK24, $D$25) & " P", INT(AK24 / $D$25) & " + " & MOD(AK24, $D$25) & " P"))) -> 25 P
C26: Blue 125 g. ( 2003009720007 ) | E26: =IF(E25=0, "", IF(MOD(E25, $D$25) = 0, E25/ $D$25, IF(INT(E25 / $D$25) = 0, MOD(E25, $D$25) & " P", INT(E25 / $D$25) & " + " & MOD(E25, $D$25) & " P"))) -> 10 P | F26: =IF(F25=0, "", IF(MOD(F25, $D$25) = 0, F25/ $D$25, IF(INT(F25 / $D$25) = 0, MOD(F25, $D$25) & " P", INT(F25 / $D$25) & " + " & MOD(F25, $D$25) & " P"))) -> 8 P | G26: =IF(G25=0, "", IF(MOD(G25, $D$25) = 0, G25/ $D$25, IF(INT(G25 / $D$25) = 0, MOD(G25, $D$25) & " P", INT(G25 / $D$25) & " + " & MOD(G25, $D$25) & " P"))) -> 3 + 15 P | H26: =IF(H25=0, "", IF(MOD(H25, $D$25) = 0, H25/ $D$25, IF(INT(H25 / $D$25) = 0, MOD(H25, $D$25) & " P", INT(H25 / $D$25) & " + " & MOD(H25, $D$25) & " P"))) -> 1 + 15 P | I26: =IF(I25=0, "", IF(MOD(I25, $D$25) = 0, I25/ $D$25, IF(INT(I25 / $D$25) = 0, MOD(I25, $D$25) & " P", INT(I25 / $D$25) & " + " & MOD(I25, $D$25) & " P"))) | J26: =IF(J25=0, "", IF(MOD(J25, $D$25) = 0, J25/ $D$25, IF(INT(J25 / $D$25) = 0, MOD(J25, $D$25) & " P", INT(J25 / $D$25) & " + " & MOD(J25, $D$25) & " P"))) | K26: =IF(K25=0, "", IF(MOD(K25, $D$25) = 0, K25/ $D$25, IF(INT(K25 / $D$25) = 0, MOD(K25, $D$25) & " P", INT(K25 / $D$25) & " + " & MOD(K25, $D$25) & " P"))) | L26: =IF(L25=0, "", IF(MOD(L25, $D$25) = 0, L25/ $D$25, IF(INT(L25 / $D$25) = 0, MOD(L25, $D$25) & " P", INT(L25 / $D$25) & " + " & MOD(L25, $D$25) & " P"))) | ... P26: =IF(P25=0, "", IF(MOD(P25, $D$25) = 0, P25/ $D$25, IF(INT(P25 / $D$25) = 0, MOD(P25, $D$25) & " P", INT(P25 / $D$25) & " + " & MOD(P25, $D$25) & " P"))) | AK26: 2
B27: 7 | C27: องุ่นดำไร้เมล็ด 300 กรัม x20P | D27: 20 | E27: 7 | F27: 5 | G27: 22 | H27: 15 | Q27: =SUM(E27:P27) -> 49 | R27: 5 | S27: 140 | T27: =SUM(S27-Q27) -> 91 | V27: =SUM(E27,F27) -> 12 | W27: =SUM(G27,H27) -> 37 | X27: =SUM(I27,J27) -> 0 | Y27: =SUM(K27,L27,M27,) -> 0 | Z27: =SUM(N27,O27,P27) -> 0 | AK27: =IF(AK26=0, "", IF(MOD(AK26, $D$27) = 0, AK26/ $D$27, IF(INT(AK26 / $D$27) = 0, MOD(AK26, $D$27) & " P", INT(AK26 / $D$27) & " + " & MOD(AK26, $D$27) & " P"))) -> 2 P
C28: BlackGrapesSeedless300g. (8859388002562 ) | E28: =IF(E27=0, "", IF(MOD(E27, $D$27) = 0, E27/ $D$27, IF(INT(E27 / $D$27) = 0, MOD(E27, $D$27) & " P", INT(E27 / $D$27) & " + " & MOD(E27, $D$27) & " P"))) -> 7 P | F28: =IF(F27=0, "", IF(MOD(F27, $D$27) = 0, F27/ $D$27, IF(INT(F27 / $D$27) = 0, MOD(F27, $D$27) & " P", INT(F27 / $D$27) & " + " & MOD(F27, $D$27) & " P"))) -> 5 P | G28: =IF(G27=0, "", IF(MOD(G27, $D$27) = 0, G27/ $D$27, IF(INT(G27 / $D$27) = 0, MOD(G27, $D$27) & " P", INT(G27 / $D$27) & " + " & MOD(G27, $D$27) & " P"))) -> 1 + 2 P | H28: =IF(H27=0, "", IF(MOD(H27, $D$27) = 0, H27/ $D$27, IF(INT(H27 / $D$27) = 0, MOD(H27, $D$27) & " P", INT(H27 / $D$27) & " + " & MOD(H27, $D$27) & " P"))) -> 15 P | I28: =IF(I27=0, "", IF(MOD(I27, $D$27) = 0, I27/ $D$27, IF(INT(I27 / $D$27) = 0, MOD(I27, $D$27) & " P", INT(I27 / $D$27) & " + " & MOD(I27, $D$27) & " P"))) | J28: =IF(J27=0, "", IF(MOD(J27, $D$27) = 0, J27/ $D$27, IF(INT(J27 / $D$27) = 0, MOD(J27, $D$27) & " P", INT(J27 / $D$27) & " + " & MOD(J27, $D$27) & " P"))) | K28: =IF(K27=0, "", IF(MOD(K27, $D$27) = 0, K27/ $D$27, IF(INT(K27 / $D$27) = 0, MOD(K27, $D$27) & " P", INT(K27 / $D$27) & " + " & MOD(K27, $D$27) & " P"))) | L28: =IF(L27=0, "", IF(MOD(L27, $D$27) = 0, L27/ $D$27, IF(INT(L27 / $D$27) = 0, MOD(L27, $D$27) & " P", INT(L27 / $D$27) & " + " & MOD(L27, $D$27) & " P"))) | ... P28: =IF(P27=0, "", IF(MOD(P27, $D$27) = 0, P27/ $D$27, IF(INT(P27 / $D$27) = 0, MOD(P27, $D$27) & " P", INT(P27 / $D$27) & " + " & MOD(P27, $D$27) & " P"))) | AK28: 74
B29: 8 | C29: องุ่นไชน์มัสแคท 300 กรัมx 15 P | D29: 15 | E29: 10 | F29: 19 | G29: 39 | H29: 26 | Q29: =SUM(E29:P29) -> 94 | R29: 8 | S29: 240 | T29: =SUM(S29-Q29) -> 146 | V29: =SUM(E29,F29) -> 29 | W29: =SUM(G29,H29) -> 65 | X29: =SUM(I29,J29) -> 0 | Y29: =SUM(K29,L29,M29,) -> 0 | Z29: =SUM(N29,O29,P29) -> 0 | AK29: =IF(AK28=0, "", IF(MOD(AK28, $D$29) = 0, AK28/ $D$29, IF(INT(AK28 / $D$29) = 0, MOD(AK28, $D$29) & " P", INT(AK28 / $D$29) & " + " & MOD(AK28, $D$29) & " P"))) -> 4 + 14 P
C30: Shine Muscat 300g ( 88593880000189 ) | E30: =IF(E29=0, "", IF(MOD(E29, $D$29) = 0, E29/ $D$29, IF(INT(E29 / $D$29) = 0, MOD(E29, $D$29) & " P", INT(E29 / $D$29) & " + " & MOD(E29, $D$29) & " P"))) -> 10 P | F30: =IF(F29=0, "", IF(MOD(F29, $D$29) = 0, F29/ $D$29, IF(INT(F29 / $D$29) = 0, MOD(F29, $D$29) & " P", INT(F29 / $D$29) & " + " & MOD(F29, $D$29) & " P"))) -> 1 + 4 P | G30: =IF(G29=0, "", IF(MOD(G29, $D$29) = 0, G29/ $D$29, IF(INT(G29 / $D$29) = 0, MOD(G29, $D$29) & " P", INT(G29 / $D$29) & " + " & MOD(G29, $D$29) & " P"))) -> 2 + 9 P | H30: =IF(H29=0, "", IF(MOD(H29, $D$29) = 0, H29/ $D$29, IF(INT(H29 / $D$29) = 0, MOD(H29, $D$29) & " P", INT(H29 / $D$29) & " + " & MOD(H29, $D$29) & " P"))) -> 1 + 11 P | I30: =IF(I29=0, "", IF(MOD(I29, $D$29) = 0, I29/ $D$29, IF(INT(I29 / $D$29) = 0, MOD(I29, $D$29) & " P", INT(I29 / $D$29) & " + " & MOD(I29, $D$29) & " P"))) | J30: =IF(J29=0, "", IF(MOD(J29, $D$29) = 0, J29/ $D$29, IF(INT(J29 / $D$29) = 0, MOD(J29, $D$29) & " P", INT(J29 / $D$29) & " + " & MOD(J29, $D$29) & " P"))) | K30: =IF(K29=0, "", IF(MOD(K29, $D$29) = 0, K29/ $D$29, IF(INT(K29 / $D$29) = 0, MOD(K29, $D$29) & " P", INT(K29 / $D$29) & " + " & MOD(K29, $D$29) & " P"))) | L30: =IF(L29=0, "", IF(MOD(L29, $D$29) = 0, L29/ $D$29, IF(INT(L29 / $D$29) = 0, MOD(L29, $D$29) & " P", INT(L29 / $D$29) & " + " & MOD(L29, $D$29) & " P"))) | ... P30: =IF(P29=0, "", IF(MOD(P29, $D$29) = 0, P29/ $D$29, IF(INT(P29 / $D$29) = 0, MOD(P29, $D$29) & " P", INT(P29 / $D$29) & " + " & MOD(P29, $D$29) & " P"))) | AK30: 34
B31: 9 | C31: แอปเปิ้ลแดงวอชิงตันลูกเดี่ยว x 45 P | D31: 45 | E31: 1 | F31: 0 | G31: 7 | H31: 1 | Q31: =SUM(E31:P31) -> 9 | R31: 3 | S31: 70 | T31: =SUM(S31-Q31) -> 61 | V31: =SUM(E31,F31) -> 1 | W31: =SUM(G31,H31) -> 8 | X31: =SUM(I31,J31) -> 0 | Y31: =SUM(K31,L31,M31,) -> 0 | Z31: =SUM(N31,O31,P31) -> 0 | AK31: =IF(AK30=0, "", IF(MOD(AK30, $D$31) = 0, AK30/ $D$31, IF(INT(AK30 / $D$31) = 0, MOD(AK30, $D$31) & " P", INT(AK30 / $D$31) & " + " & MOD(AK30, $D$31) & " P"))) -> 34 P
C32: Washington ( 8859388000759 ) | E32: =IF(E31=0, "", IF(MOD(E31, $D$31) = 0, E31/ $D$31, IF(INT(E31 / $D$31) = 0, MOD(E31, $D$31) & " P", INT(E31 / $D$31) & " + " & MOD(E31, $D$31) & " P"))) -> 1 P | F32: =IF(F31=0, "", IF(MOD(F31, $D$31) = 0, F31/ $D$31, IF(INT(F31 / $D$31) = 0, MOD(F31, $D$31) & " P", INT(F31 / $D$31) & " + " & MOD(F31, $D$31) & " P"))) | G32: =IF(G31=0, "", IF(MOD(G31, $D$31) = 0, G31/ $D$31, IF(INT(G31 / $D$31) = 0, MOD(G31, $D$31) & " P", INT(G31 / $D$31) & " + " & MOD(G31, $D$31) & " P"))) -> 7 P | H32: =IF(H31=0, "", IF(MOD(H31, $D$31) = 0, H31/ $D$31, IF(INT(H31 / $D$31) = 0, MOD(H31, $D$31) & " P", INT(H31 / $D$31) & " + " & MOD(H31, $D$31) & " P"))) -> 1 P | I32: =IF(I31=0, "", IF(MOD(I31, $D$31) = 0, I31/ $D$31, IF(INT(I31 / $D$31) = 0, MOD(I31, $D$31) & " P", INT(I31 / $D$31) & " + " & MOD(I31, $D$31) & " P"))) | J32: =IF(J31=0, "", IF(MOD(J31, $D$31) = 0, J31/ $D$31, IF(INT(J31 / $D$31) = 0, MOD(J31, $D$31) & " P", INT(J31 / $D$31) & " + " & MOD(J31, $D$31) & " P"))) | K32: =IF(K31=0, "", IF(MOD(K31, $D$31) = 0, K31/ $D$31, IF(INT(K31 / $D$31) = 0, MOD(K31, $D$31) & " P", INT(K31 / $D$31) & " + " & MOD(K31, $D$31) & " P"))) | L32: =IF(L31=0, "", IF(MOD(L31, $D$31) = 0, L31/ $D$31, IF(INT(L31 / $D$31) = 0, MOD(L31, $D$31) & " P", INT(L31 / $D$31) & " + " & MOD(L31, $D$31) & " P"))) | ... P32: =IF(P31=0, "", IF(MOD(P31, $D$31) = 0, P31/ $D$31, IF(INT(P31 / $D$31) = 0, MOD(P31, $D$31) & " P", INT(P31 / $D$31) & " + " & MOD(P31, $D$31) & " P"))) | AK32: 33
B33: 10 | C33: องุ่นสวีทแซฟไฟร์300 กรัม x 15 P | D33: 15 | E33: 23 | F33: 25 | G33: 33 | H33: 53 | Q33: =SUM(E33:P33) -> 134 | R33: 11 | S33: 320 | T33: =SUM(S33-Q33) -> 186 | V33: =SUM(E33,F33) -> 48 | W33: =SUM(G33,H33) -> 86 | X33: =SUM(I33,J33) -> 0 | Y33: =SUM(K33,L33,M33,) -> 0 | Z33: =SUM(N33,O33,P33) -> 0 | AK33: =IF(AK32=0, "", IF(MOD(AK32, $D$31) = 0, AK32/ $D$31, IF(INT(AK32 / $D$31) = 0, MOD(AK32, $D$31) & " P", INT(AK32 / $D$31) & " + " & MOD(AK32, $D$31) & " P"))) -> 33 P
C34: Sweet Sapphire ( 8859388000223 ) | E34: =IF(E33=0, "", IF(MOD(E33, $D$33) = 0, E33/ $D$33, IF(INT(E33 / $D$33) = 0, MOD(E33, $D$33) & " P", INT(E33 / $D$33) & " + " & MOD(E33, $D$33) & " P"))) -> 1 + 8 P | F34: =IF(F33=0, "", IF(MOD(F33, $D$33) = 0, F33/ $D$33, IF(INT(F33 / $D$33) = 0, MOD(F33, $D$33) & " P", INT(F33 / $D$33) & " + " & MOD(F33, $D$33) & " P"))) -> 1 + 10 P | G34: =IF(G33=0, "", IF(MOD(G33, $D$33) = 0, G33/ $D$33, IF(INT(G33 / $D$33) = 0, MOD(G33, $D$33) & " P", INT(G33 / $D$33) & " + " & MOD(G33, $D$33) & " P"))) -> 2 + 3 P | H34: =IF(H33=0, "", IF(MOD(H33, $D$33) = 0, H33/ $D$33, IF(INT(H33 / $D$33) = 0, MOD(H33, $D$33) & " P", INT(H33 / $D$33) & " + " & MOD(H33, $D$33) & " P"))) -> 3 + 8 P | I34: =IF(I33=0, "", IF(MOD(I33, $D$33) = 0, I33/ $D$33, IF(INT(I33 / $D$33) = 0, MOD(I33, $D$33) & " P", INT(I33 / $D$33) & " + " & MOD(I33, $D$33) & " P"))) | J34: =IF(J33=0, "", IF(MOD(J33, $D$33) = 0, J33/ $D$33, IF(INT(J33 / $D$33) = 0, MOD(J33, $D$33) & " P", INT(J33 / $D$33) & " + " & MOD(J33, $D$33) & " P"))) | K34: =IF(K33=0, "", IF(MOD(K33, $D$33) = 0, K33/ $D$33, IF(INT(K33 / $D$33) = 0, MOD(K33, $D$33) & " P", INT(K33 / $D$33) & " + " & MOD(K33, $D$33) & " P"))) | L34: =IF(L33=0, "", IF(MOD(L33, $D$33) = 0, L33/ $D$33, IF(INT(L33 / $D$33) = 0, MOD(L33, $D$33) & " P", INT(L33 / $D$33) & " + " & MOD(L33, $D$33) & " P"))) | ... P34: =IF(P33=0, "", IF(MOD(P33, $D$33) = 0, P33/ $D$33, IF(INT(P33 / $D$33) = 0, MOD(P33, $D$33) & " P", INT(P33 / $D$33) & " + " & MOD(P33, $D$33) & " P"))) | AK34: 33
B35: 11 | C35: องุ่นเคียวโฮ 300 กรัม x 15 P | D35: 15 | E35: 9 | F35: 10 | G35: 36 | H35: 27 | Q35: =SUM(E35:P35) -> 82 | R35: 7 | S35: 190 | T35: =SUM(S35-Q35) -> 108 | V35: =SUM(E35,F35) -> 19 | W35: =SUM(G35,H35) -> 63 | X35: =SUM(I35,J35) -> 0 | Y35: =SUM(K35,L35,M35,) -> 0 | Z35: =SUM(N35,O35,P35) -> 0 | AK35: =IF(AK30=0, "", IF(MOD(AK30, $D$37) = 0, AK30/ $D$37, IF(INT(AK30 / $D$37) = 0, MOD(AK30, $D$37) & " P", INT(AK30 / $D$37) & " + " & MOD(AK30, $D$37) & " P"))) -> 1 + 7 P
C36: Kyoho Grape (888593880000063 ) | E36: =IF(E35=0, "", IF(MOD(E35, $D$35) = 0, E35/ $D$35, IF(INT(E35 / $D$35) = 0, MOD(E35, $D$35) & " P", INT(E35 / $D$35) & " + " & MOD(E35, $D$35) & " P"))) -> 9 P | F36: =IF(F35=0, "", IF(MOD(F35, $D$35) = 0, F35/ $D$35, IF(INT(F35 / $D$35) = 0, MOD(F35, $D$35) & " P", INT(F35 / $D$35) & " + " & MOD(F35, $D$35) & " P"))) -> 10 P | G36: =IF(G35=0, "", IF(MOD(G35, $D$35) = 0, G35/ $D$35, IF(INT(G35 / $D$35) = 0, MOD(G35, $D$35) & " P", INT(G35 / $D$35) & " + " & MOD(G35, $D$35) & " P"))) -> 2 + 6 P | H36: =IF(H35=0, "", IF(MOD(H35, $D$35) = 0, H35/ $D$35, IF(INT(H35 / $D$35) = 0, MOD(H35, $D$35) & " P", INT(H35 / $D$35) & " + " & MOD(H35, $D$35) & " P"))) -> 1 + 12 P | I36: =IF(I35=0, "", IF(MOD(I35, $D$35) = 0, I35/ $D$35, IF(INT(I35 / $D$35) = 0, MOD(I35, $D$35) & " P", INT(I35 / $D$35) & " + " & MOD(I35, $D$35) & " P"))) | J36: =IF(J35=0, "", IF(MOD(J35, $D$35) = 0, J35/ $D$35, IF(INT(J35 / $D$35) = 0, MOD(J35, $D$35) & " P", INT(J35 / $D$35) & " + " & MOD(J35, $D$35) & " P"))) | K36: =IF(K35=0, "", IF(MOD(K35, $D$35) = 0, K35/ $D$35, IF(INT(K35 / $D$35) = 0, MOD(K35, $D$35) & " P", INT(K35 / $D$35) & " + " & MOD(K35, $D$35) & " P"))) | L36: =IF(L35=0, "", IF(MOD(L35, $D$35) = 0, L35/ $D$35, IF(INT(L35 / $D$35) = 0, MOD(L35, $D$35) & " P", INT(L35 / $D$35) & " + " & MOD(L35, $D$35) & " P"))) | ... P36: =IF(P35=0, "", IF(MOD(P35, $D$35) = 0, P35/ $D$35, IF(INT(P35 / $D$35) = 0, MOD(P35, $D$35) & " P", INT(P35 / $D$35) & " + " & MOD(P35, $D$35) & " P")))
B37: 12 | C37: ลูกไหนจิ๋ว 200 g. x 27 p | D37: 27 | E37: 29 | F37: 37 | G37: 52 | H37: 74 | Q37: =SUM(E37:P37) -> 192 | R37: 9 | S37: 440 | T37: =SUM(S37-Q37) -> 248 | V37: =SUM(E37,F37) -> 66 | W37: =SUM(G37,H37) -> 126 | X37: =SUM(I37,J37) -> 0 | Y37: =SUM(K37,L37,M37,) -> 0 | Z37: =SUM(N37,O37,P37) -> 0 | AK37: =IF(AK32=0, "", IF(MOD(AK32, $D$37) = 0, AK32/ $D$37, IF(INT(AK32 / $D$37) = 0, MOD(AK32, $D$37) & " P", INT(AK32 / $D$37) & " + " & MOD(AK32, $D$37) & " P"))) -> 1 + 6 P
C38: Plum 200 g. ( 8859388001091 ) | E38: =IF(E37=0, "", IF(MOD(E37, $D$37) = 0, E37/ $D$37, IF(INT(E37 / $D$37) = 0, MOD(E37, $D$37) & " P", INT(E37 / $D$37) & " + " & MOD(E37, $D$37) & " P"))) -> 1 + 2 P | F38: =IF(F37=0, "", IF(MOD(F37, $D$37) = 0, F37/ $D$37, IF(INT(F37 / $D$37) = 0, MOD(F37, $D$37) & " P", INT(F37 / $D$37) & " + " & MOD(F37, $D$37) & " P"))) -> 1 + 10 P | G38: =IF(G37=0, "", IF(MOD(G37, $D$37) = 0, G37/ $D$37, IF(INT(G37 / $D$37) = 0, MOD(G37, $D$37) & " P", INT(G37 / $D$37) & " + " & MOD(G37, $D$37) & " P"))) -> 1 + 25 P | H38: =IF(H37=0, "", IF(MOD(H37, $D$37) = 0, H37/ $D$37, IF(INT(H37 / $D$37) = 0, MOD(H37, $D$37) & " P", INT(H37 / $D$37) & " + " & MOD(H37, $D$37) & " P"))) -> 2 + 20 P | I38: =IF(I37=0, "", IF(MOD(I37, $D$37) = 0, I37/ $D$37, IF(INT(I37 / $D$37) = 0, MOD(I37, $D$37) & " P", INT(I37 / $D$37) & " + " & MOD(I37, $D$37) & " P"))) | J38: =IF(J37=0, "", IF(MOD(J37, $D$37) = 0, J37/ $D$37, IF(INT(J37 / $D$37) = 0, MOD(J37, $D$37) & " P", INT(J37 / $D$37) & " + " & MOD(J37, $D$37) & " P"))) | K38: =IF(K37=0, "", IF(MOD(K37, $D$37) = 0, K37/ $D$37, IF(INT(K37 / $D$37) = 0, MOD(K37, $D$37) & " P", INT(K37 / $D$37) & " + " & MOD(K37, $D$37) & " P"))) | L38: =IF(L37=0, "", IF(MOD(L37, $D$37) = 0, L37/ $D$37, IF(INT(L37 / $D$37) = 0, MOD(L37, $D$37) & " P", INT(L37 / $D$37) & " + " & MOD(L37, $D$37) & " P"))) | ... P38: =IF(P37=0, "", IF(MOD(P37, $D$37) = 0, P37/ $D$37, IF(INT(P37 / $D$37) = 0, MOD(P37, $D$37) & " P", INT(P37 / $D$37) & " + " & MOD(P37, $D$37) & " P")))
B39: 13 | C39: องุ่นแดงไร้เมล็ด 300 g. x 20 p | D39: 20 | E39: 14 | F39: 17 | G39: 115 | H39: 67 | Q39: =SUM(E39:P39) -> 213 | R39: 12 | S39: 450 | T39: =SUM(S39-Q39) -> 237 | V39: =SUM(E39,F39) -> 31 | W39: =SUM(G39,H39) -> 182 | X39: =SUM(I39,J39) -> 0 | Y39: =SUM(K39,L39,M39,) -> 0 | Z39: =SUM(N39,O39,P39) -> 0 | AK39: =IF(AK36=0, "", IF(MOD(AK36, $D$37) = 0, AK36/ $D$37, IF(INT(AK36 / $D$37) = 0, MOD(AK36, $D$37) & " P", INT(AK36 / $D$37) & " + " & MOD(AK36, $D$37) & " P")))
C40: Red Seedless 300 g.( 8859388001084 ) | E40: =IF(E39=0, "", IF(MOD(E39, $D$39) = 0, E39/ $D$39, IF(INT(E39 / $D$39) = 0, MOD(E39, $D$39) & " P", INT(E39 / $D$39) & " + " & MOD(E39, $D$39) & " P"))) -> 14 P | F40: =IF(F39=0, "", IF(MOD(F39, $D$39) = 0, F39/ $D$39, IF(INT(F39 / $D$39) = 0, MOD(F39, $D$39) & " P", INT(F39 / $D$39) & " + " & MOD(F39, $D$39) & " P"))) -> 17 P | G40: =IF(G39=0, "", IF(MOD(G39, $D$39) = 0, G39/ $D$39, IF(INT(G39 / $D$39) = 0, MOD(G39, $D$39) & " P", INT(G39 / $D$39) & " + " & MOD(G39, $D$39) & " P"))) -> 5 + 15 P | H40: =IF(H39=0, "", IF(MOD(H39, $D$39) = 0, H39/ $D$39, IF(INT(H39 / $D$39) = 0, MOD(H39, $D$39) & " P", INT(H39 / $D$39) & " + " & MOD(H39, $D$39) & " P"))) -> 3 + 7 P | I40: =IF(I39=0, "", IF(MOD(I39, $D$39) = 0, I39/ $D$39, IF(INT(I39 / $D$39) = 0, MOD(I39, $D$39) & " P", INT(I39 / $D$39) & " + " & MOD(I39, $D$39) & " P"))) | J40: =IF(J39=0, "", IF(MOD(J39, $D$39) = 0, J39/ $D$39, IF(INT(J39 / $D$39) = 0, MOD(J39, $D$39) & " P", INT(J39 / $D$39) & " + " & MOD(J39, $D$39) & " P"))) | K40: =IF(K39=0, "", IF(MOD(K39, $D$39) = 0, K39/ $D$39, IF(INT(K39 / $D$39) = 0, MOD(K39, $D$39) & " P", INT(K39 / $D$39) & " + " & MOD(K39, $D$39) & " P"))) | L40: =IF(L39=0, "", IF(MOD(L39, $D$39) = 0, L39/ $D$39, IF(INT(L39 / $D$39) = 0, MOD(L39, $D$39) & " P", INT(L39 / $D$39) & " + " & MOD(L39, $D$39) & " P"))) | ... P40: =IF(P39=0, "", IF(MOD(P39, $D$39) = 0, P39/ $D$39, IF(INT(P39 / $D$39) = 0, MOD(P39, $D$39) & " P", INT(P39 / $D$39) & " + " & MOD(P39, $D$39) & " P")))
B41: 14 | C41: เบอร์รี่ดูโอ้ 160 กรัม x 32 P | D41: 32 | E41: 7 | F41: 5 | G41: 55 | H41: 26 | Q41: =SUM(E41:P41) -> 93 | R41: 5 | S41: 220 | T41: =SUM(S41-Q41) -> 127 | V41: =SUM(E41,F41) -> 12 | W41: =SUM(G41,H41) -> 81 | X41: =SUM(I41,J41) -> 0 | Y41: =SUM(K41,L41,M41,) -> 0 | Z41: =SUM(N41,O41,P41) -> 0 | AK41: =IF(AK38=0, "", IF(MOD(AK38, $D$37) = 0, AK38/ $D$37, IF(INT(AK38 / $D$37) = 0, MOD(AK38, $D$37) & " P", INT(AK38 / $D$37) & " + " & MOD(AK38, $D$37) & " P")))
C42: Berry Duo 160g. ( 8859388010239 ) | E42: =IF(E41=0, "", IF(MOD(E41, $D$41) = 0, E41/ $D$41, IF(INT(E41 / $D$41) = 0, MOD(E41, $D$41) & " P", INT(E41 / $D$41) & " + " & MOD(E41, $D$41) & " P"))) -> 7 P | F42: =IF(F41=0, "", IF(MOD(F41, $D$41) = 0, F41/ $D$41, IF(INT(F41 / $D$41) = 0, MOD(F41, $D$41) & " P", INT(F41 / $D$41) & " + " & MOD(F41, $D$41) & " P"))) -> 5 P | G42: =IF(G41=0, "", IF(MOD(G41, $D$41) = 0, G41/ $D$41, IF(INT(G41 / $D$41) = 0, MOD(G41, $D$41) & " P", INT(G41 / $D$41) & " + " & MOD(G41, $D$41) & " P"))) -> 1 + 23 P | H42: =IF(H41=0, "", IF(MOD(H41, $D$41) = 0, H41/ $D$41, IF(INT(H41 / $D$41) = 0, MOD(H41, $D$41) & " P", INT(H41 / $D$41) & " + " & MOD(H41, $D$41) & " P"))) -> 26 P | I42: =IF(I41=0, "", IF(MOD(I41, $D$41) = 0, I41/ $D$41, IF(INT(I41 / $D$41) = 0, MOD(I41, $D$41) & " P", INT(I41 / $D$41) & " + " & MOD(I41, $D$41) & " P"))) | J42: =IF(J41=0, "", IF(MOD(J41, $D$41) = 0, J41/ $D$41, IF(INT(J41 / $D$41) = 0, MOD(J41, $D$41) & " P", INT(J41 / $D$41) & " + " & MOD(J41, $D$41) & " P"))) | K42: =IF(K41=0, "", IF(MOD(K41, $D$41) = 0, K41/ $D$41, IF(INT(K41 / $D$41) = 0, MOD(K41, $D$41) & " P", INT(K41 / $D$41) & " + " & MOD(K41, $D$41) & " P"))) | L42: =IF(L41=0, "", IF(MOD(L41, $D$41) = 0, L41/ $D$41, IF(INT(L41 / $D$41) = 0, MOD(L41, $D$41) & " P", INT(L41 / $D$41) & " + " & MOD(L41, $D$41) & " P"))) | ... P42: =IF(P41=0, "", IF(MOD(P41, $D$41) = 0, P41/ $D$41, IF(INT(P41 / $D$41) = 0, MOD(P41, $D$41) & " P", INT(P41 / $D$41) & " + " & MOD(P41, $D$41) & " P")))
B43: 15 | C43: สาลี่ทอง แพ็ก 2 ผล (400g.) x 15 P | D43: 15 | E43: 5 | F43: 4 | G43: 18 | H43: 13 | Q43: =SUM(E43:P43) -> 40 | R43: 5 | S43: 100 | T43: =SUM(S43-Q43) -> 60 | V43: =SUM(E43,F43) -> 9 | W43: =SUM(G43,H43) -> 31 | X43: =SUM(I43,J43) -> 0 | Y43: =SUM(K43,L43,M43,) -> 0 | Z43: =SUM(N43,O43,P43) -> 0 | AK43: =IF(AK40=0, "", IF(MOD(AK40, $D$37) = 0, AK40/ $D$37, IF(INT(AK40 / $D$37) = 0, MOD(AK40, $D$37) & " P", INT(AK40 / $D$37) & " + " & MOD(AK40, $D$37) & " P")))
C44: Pear 400g (8859388010284 ) | E44: =IF(E43=0, "", IF(MOD(E43, $D$43) = 0, E43/ $D$43, IF(INT(E43 / $D$43) = 0, MOD(E43, $D$43) & " P", INT(E43 / $D$43) & " + " & MOD(E43, $D$43) & " P"))) -> 5 P | F44: =IF(F43=0, "", IF(MOD(F43, $D$43) = 0, F43/ $D$43, IF(INT(F43 / $D$43) = 0, MOD(F43, $D$43) & " P", INT(F43 / $D$43) & " + " & MOD(F43, $D$43) & " P"))) -> 4 P | G44: =IF(G43=0, "", IF(MOD(G43, $D$43) = 0, G43/ $D$43, IF(INT(G43 / $D$43) = 0, MOD(G43, $D$43) & " P", INT(G43 / $D$43) & " + " & MOD(G43, $D$43) & " P"))) -> 1 + 3 P | H44: =IF(H43=0, "", IF(MOD(H43, $D$43) = 0, H43/ $D$43, IF(INT(H43 / $D$43) = 0, MOD(H43, $D$43) & " P", INT(H43 / $D$43) & " + " & MOD(H43, $D$43) & " P"))) -> 13 P | I44: =IF(I43=0, "", IF(MOD(I43, $D$43) = 0, I43/ $D$43, IF(INT(I43 / $D$43) = 0, MOD(I43, $D$43) & " P", INT(I43 / $D$43) & " + " & MOD(I43, $D$43) & " P"))) | J44: =IF(J43=0, "", IF(MOD(J43, $D$43) = 0, J43/ $D$43, IF(INT(J43 / $D$43) = 0, MOD(J43, $D$43) & " P", INT(J43 / $D$43) & " + " & MOD(J43, $D$43) & " P"))) | K44: =IF(K43=0, "", IF(MOD(K43, $D$43) = 0, K43/ $D$43, IF(INT(K43 / $D$43) = 0, MOD(K43, $D$43) & " P", INT(K43 / $D$43) & " + " & MOD(K43, $D$43) & " P"))) | L44: =IF(L43=0, "", IF(MOD(L43, $D$43) = 0, L43/ $D$43, IF(INT(L43 / $D$43) = 0, MOD(L43, $D$43) & " P", INT(L43 / $D$43) & " + " & MOD(L43, $D$43) & " P"))) | ... P44: =IF(P43=0, "", IF(MOD(P43, $D$43) = 0, P43/ $D$43, IF(INT(P43 / $D$43) = 0, MOD(P43, $D$43) & " P", INT(P43 / $D$43) & " + " & MOD(P43, $D$43) & " P")))
B45: รวมยอดตะกร้า | E45: -22 | F45: -21 | G45: -46 | H45: -35 | Q45: = | R45: =SUM(R10:R44) -> 124
B50: ลายมือชื่อ | D50: เริ่มโหลด | F50: โหลดเสร็จ | H50: หมายเหตุ | M50: *เบิกตะกร้ากลับด้วยนะคะ = | Q50: =SUM(R45) -> 124 | R50: ใบ
B51: แพ็คกิ้ง
B52: เช็คเกอร์ | N52: รถมีผ้าม่านปิด หรือไม่( ✓)
B53: ขนส่ง | K53: ลายเซ็น คนขึ้นของ | O53: มี | P53: มี | Q53: มี | R53: ไม่มี

Sheet บางบัวทอง-ผลิต (4)
B10: ผู้ส่ง : 7-11 บางบัวทอง 4ล้อจัมโบ้ | E10: วันที่ 05/08/69 PO.05/08/69
B12: เซเว่น-บางบัวทอง | D12: บรรจุ/ตก. | E12: 14.00 น. | G12: 13.00 น. | I12: 11.00 น | K12: 09.00 น | N12: 08.00 น. | Q12: ยอดรวม | S12: ยอดเผื่อ | T12: คงเหลือ | V12: KK | W12: SRR | X12: CMI | Y12: HKT | Z12: HDY
E13: ขอนแก่น KK | G13: สุราษร์ธานี ST | I13: เชียงใหม่ CM | K13: ภูเก็ต PK | N13: หาดใหญ่ HY
E14: PO1 | F14: PO 2 | G14: PO1 | H14: PO 2 | I14: PO1 | J14: PO 2 | K14: PO1 | L14: PO 2 | M14: PO3 | N14: PO1 | O14: PO2 | P14: PO3 | Q14: รวมแพค | R14: ตะกร้า | AK14: 32
B15: 1 | C15: องุ่นดำไร้เมล็ด 150 กรัม x36P | D15: 36 | I15: 18 | J15: 18 | K15: 4 | L15: 35 | M15: 53 | N15: 22 | O15: 18 | Q15: =SUM(E15:P15) -> 168 | R15: 8 | S15: 350 | T15: =SUM(S15-Q15) -> 182 | V15: =SUM(E15,F15) -> 0 | W15: =SUM(G15,H15) -> 0 | X15: =SUM(I15,J15) -> 36 | Y15: =SUM(K15,L15,M15,) -> 92 | Z15: =SUM(N15,O15,P15) -> 40 | AK15: =IF(AK14=0, "", IF(MOD(AK14, $D$15) = 0, AK14 / $D$15, IF(INT(AK14 / $D$15) = 0, MOD(AK14, $D$15) & " P", INT(AK14 / $D$15) & " + " & MOD(AK14, $D$15) & " P"))) -> 32 P
C16: BlackGrapesSeedless150 g. (8859388000025 ) | E16: =IF(E15=0, "", IF(MOD(E15, $D$15) = 0, E15 / $D$15, IF(INT(E15 / $D$15) = 0, MOD(E15, $D$15) & " P", INT(E15 / $D$15) & " + " & MOD(E15, $D$15) & " P"))) | F16: =IF(F15=0, "", IF(MOD(F15, $D$15) = 0, F15 / $D$15, IF(INT(F15 / $D$15) = 0, MOD(F15, $D$15) & " P", INT(F15 / $D$15) & " + " & MOD(F15, $D$15) & " P"))) | G16: =IF(G15=0, "", IF(MOD(G15, $D$15) = 0, G15 / $D$15, IF(INT(G15 / $D$15) = 0, MOD(G15, $D$15) & " P", INT(G15 / $D$15) & " + " & MOD(G15, $D$15) & " P"))) | H16: =IF(H15=0, "", IF(MOD(H15, $D$15) = 0, H15 / $D$15, IF(INT(H15 / $D$15) = 0, MOD(H15, $D$15) & " P", INT(H15 / $D$15) & " + " & MOD(H15, $D$15) & " P"))) | I16: =IF(I15=0, "", IF(MOD(I15, $D$15) = 0, I15 / $D$15, IF(INT(I15 / $D$15) = 0, MOD(I15, $D$15) & " P", INT(I15 / $D$15) & " + " & MOD(I15, $D$15) & " P"))) -> 18 P | J16: =IF(J15=0, "", IF(MOD(J15, $D$15) = 0, J15 / $D$15, IF(INT(J15 / $D$15) = 0, MOD(J15, $D$15) & " P", INT(J15 / $D$15) & " + " & MOD(J15, $D$15) & " P"))) -> 18 P | K16: =IF(K15=0, "", IF(MOD(K15, $D$15) = 0, K15 / $D$15, IF(INT(K15 / $D$15) = 0, MOD(K15, $D$15) & " P", INT(K15 / $D$15) & " + " & MOD(K15, $D$15) & " P"))) -> 4 P | L16: =IF(L15=0, "", IF(MOD(L15, $D$15) = 0, L15 / $D$15, IF(INT(L15 / $D$15) = 0, MOD(L15, $D$15) & " P", INT(L15 / $D$15) & " + " & MOD(L15, $D$15) & " P"))) -> 35 P | ... P16: =IF(P15=0, "", IF(MOD(P15, $D$15) = 0, P15 / $D$15, IF(INT(P15 / $D$15) = 0, MOD(P15, $D$15) & " P", INT(P15 / $D$15) & " + " & MOD(P15, $D$15) & " P"))) | AK16: 129
B17: 2 | C17: องุ่นแดงนอกมีเมล็ด 200 กรัม x 32 P | D17: 32 | I17: 67 | J17: 53 | K17: 5 | L17: 104 | M17: 180 | N17: 23 | O17: 23 | Q17: =SUM(E17:P17) -> 455 | R17: 18 | S17: 790 | T17: =SUM(S17-Q17) -> 335 | V17: =SUM(E17,F17) -> 0 | W17: =SUM(G17,H17) -> 0 | X17: =SUM(I17,J17) -> 120 | Y17: =SUM(K17,L17,M17,) -> 289 | Z17: =SUM(N17,O17,P17) -> 46 | AK17: =IF(AK16=0, "", IF(MOD(AK16, $D$17) = 0, AK16 / $D$17, IF(INT(AK16 / $D$17) = 0, MOD(AK16, $D$17) & " P", INT(AK16 / $D$17) & " + " & MOD(AK16, $D$17) & " P"))) -> 4 + 1 P
C18: Red Seed 200 g. ( 8859388000100 ) | E18: =IF(E17=0, "", IF(MOD(E17, $D$17) = 0, E17 / $D$17, IF(INT(E17 / $D$17) = 0, MOD(E17, $D$17) & " P", INT(E17 / $D$17) & " + " & MOD(E17, $D$17) & " P"))) | F18: =IF(F17=0, "", IF(MOD(F17, $D$17) = 0, F17 / $D$17, IF(INT(F17 / $D$17) = 0, MOD(F17, $D$17) & " P", INT(F17 / $D$17) & " + " & MOD(F17, $D$17) & " P"))) | G18: =IF(G17=0, "", IF(MOD(G17, $D$17) = 0, G17 / $D$17, IF(INT(G17 / $D$17) = 0, MOD(G17, $D$17) & " P", INT(G17 / $D$17) & " + " & MOD(G17, $D$17) & " P"))) | H18: =IF(H17=0, "", IF(MOD(H17, $D$17) = 0, H17 / $D$17, IF(INT(H17 / $D$17) = 0, MOD(H17, $D$17) & " P", INT(H17 / $D$17) & " + " & MOD(H17, $D$17) & " P"))) | I18: =IF(I17=0, "", IF(MOD(I17, $D$17) = 0, I17 / $D$17, IF(INT(I17 / $D$17) = 0, MOD(I17, $D$17) & " P", INT(I17 / $D$17) & " + " & MOD(I17, $D$17) & " P"))) -> 2 + 3 P | J18: =IF(J17=0, "", IF(MOD(J17, $D$17) = 0, J17 / $D$17, IF(INT(J17 / $D$17) = 0, MOD(J17, $D$17) & " P", INT(J17 / $D$17) & " + " & MOD(J17, $D$17) & " P"))) -> 1 + 21 P | K18: =IF(K17=0, "", IF(MOD(K17, $D$17) = 0, K17 / $D$17, IF(INT(K17 / $D$17) = 0, MOD(K17, $D$17) & " P", INT(K17 / $D$17) & " + " & MOD(K17, $D$17) & " P"))) -> 5 P | L18: =IF(L17=0, "", IF(MOD(L17, $D$17) = 0, L17 / $D$17, IF(INT(L17 / $D$17) = 0, MOD(L17, $D$17) & " P", INT(L17 / $D$17) & " + " & MOD(L17, $D$17) & " P"))) -> 3 + 8 P | ... P18: =IF(P17=0, "", IF(MOD(P17, $D$17) = 0, P17 / $D$17, IF(INT(P17 / $D$17) = 0, MOD(P17, $D$17) & " P", INT(P17 / $D$17) & " + " & MOD(P17, $D$17) & " P"))) | AK18: 54
B19: 3 | C19: เชอร์รี่สดนำเข้า 150 กรัม (USA.) x36 P | D19: 36 | I19: 6 | J19: 5 | K19: 2 | L19: 26 | M19: 65 | N19: 7 | O19: 6 | Q19: =SUM(E19:P19) -> 117 | R19: 8 | S19: 240 | T19: =SUM(S19-Q19) -> 123 | V19: =SUM(E19,F19) -> 0 | W19: =SUM(G19,H19) -> 0 | X19: =SUM(I19,J19) -> 11 | Y19: =SUM(K19,L19,M19,) -> 93 | Z19: =SUM(N19,O19,P19) -> 13 | AK19: =IF(AK18=0, "", IF(MOD(AK18, $D$19) = 0, AK18/ $D$19, IF(INT(AK18 / $D$19) = 0, MOD(AK18, $D$19) & " P", INT(AK18 / $D$19) & " + " & MOD(AK18, $D$19) & " P"))) -> 1 + 18 P
C20: Cherry150g (8859388008885 ) | E20: =IF(E19=0, "", IF(MOD(E19, $D$19) = 0, E19/ $D$19, IF(INT(E19 / $D$19) = 0, MOD(E19, $D$19) & " P", INT(E19 / $D$19) & " + " & MOD(E19, $D$19) & " P"))) | F20: =IF(F19=0, "", IF(MOD(F19, $D$19) = 0, F19/ $D$19, IF(INT(F19 / $D$19) = 0, MOD(F19, $D$19) & " P", INT(F19 / $D$19) & " + " & MOD(F19, $D$19) & " P"))) | G20: =IF(G19=0, "", IF(MOD(G19, $D$19) = 0, G19/ $D$19, IF(INT(G19 / $D$19) = 0, MOD(G19, $D$19) & " P", INT(G19 / $D$19) & " + " & MOD(G19, $D$19) & " P"))) | H20: =IF(H19=0, "", IF(MOD(H19, $D$19) = 0, H19/ $D$19, IF(INT(H19 / $D$19) = 0, MOD(H19, $D$19) & " P", INT(H19 / $D$19) & " + " & MOD(H19, $D$19) & " P"))) | I20: =IF(I19=0, "", IF(MOD(I19, $D$19) = 0, I19/ $D$19, IF(INT(I19 / $D$19) = 0, MOD(I19, $D$19) & " P", INT(I19 / $D$19) & " + " & MOD(I19, $D$19) & " P"))) -> 6 P | J20: =IF(J19=0, "", IF(MOD(J19, $D$19) = 0, J19/ $D$19, IF(INT(J19 / $D$19) = 0, MOD(J19, $D$19) & " P", INT(J19 / $D$19) & " + " & MOD(J19, $D$19) & " P"))) -> 5 P | K20: =IF(K19=0, "", IF(MOD(K19, $D$19) = 0, K19/ $D$19, IF(INT(K19 / $D$19) = 0, MOD(K19, $D$19) & " P", INT(K19 / $D$19) & " + " & MOD(K19, $D$19) & " P"))) -> 2 P | L20: =IF(L19=0, "", IF(MOD(L19, $D$19) = 0, L19/ $D$19, IF(INT(L19 / $D$19) = 0, MOD(L19, $D$19) & " P", INT(L19 / $D$19) & " + " & MOD(L19, $D$19) & " P"))) -> 26 P | ... P20: =IF(P19=0, "", IF(MOD(P19, $D$19) = 0, P19/ $D$19, IF(INT(P19 / $D$19) = 0, MOD(P19, $D$19) & " P", INT(P19 / $D$19) & " + " & MOD(P19, $D$19) & " P"))) | AK20: 12
B21: 4 | C21: องุ่นแดงไร้เมล็ด150กรัม x 32 Pไข่ปลา | D21: 32 | I21: 97 | J21: 83 | K21: 5 | L21: 104 | M21: 172 | N21: 42 | O21: 68 | Q21: =SUM(E21:P21) -> 571 | R21: 23 | S21: 1272 | T21: =SUM(S21-Q21) -> 701 | V21: =SUM(E21,F21) -> 0 | W21: =SUM(G21,H21) -> 0 | X21: =SUM(I21,J21) -> 180 | Y21: =SUM(K21,L21,M21,) -> 281 | Z21: =SUM(N21,O21,P21) -> 110 | AK21: =IF(AK20=0, "", IF(MOD(AK20, $D$21) = 0, AK20/ $D$21, IF(INT(AK20 / $D$21) = 0, MOD(AK20, $D$21) & " P", INT(AK20 / $D$21) & " + " & MOD(AK20, $D$21) & " P"))) -> 12 P
C22: Red Seedless 150 g. ( 8859388007000 ) | E22: =IF(E21=0, "", IF(MOD(E21, $D$21) = 0, E21/ $D$21, IF(INT(E21 / $D$21) = 0, MOD(E21, $D$21) & " P", INT(E21 / $D$21) & " + " & MOD(E21, $D$21) & " P"))) | F22: =IF(F21=0, "", IF(MOD(F21, $D$21) = 0, F21/ $D$21, IF(INT(F21 / $D$21) = 0, MOD(F21, $D$21) & " P", INT(F21 / $D$21) & " + " & MOD(F21, $D$21) & " P"))) | G22: =IF(G21=0, "", IF(MOD(G21, $D$21) = 0, G21/ $D$21, IF(INT(G21 / $D$21) = 0, MOD(G21, $D$21) & " P", INT(G21 / $D$21) & " + " & MOD(G21, $D$21) & " P"))) | H22: =IF(H21=0, "", IF(MOD(H21, $D$21) = 0, H21/ $D$21, IF(INT(H21 / $D$21) = 0, MOD(H21, $D$21) & " P", INT(H21 / $D$21) & " + " & MOD(H21, $D$21) & " P"))) | I22: =IF(I21=0, "", IF(MOD(I21, $D$21) = 0, I21/ $D$21, IF(INT(I21 / $D$21) = 0, MOD(I21, $D$21) & " P", INT(I21 / $D$21) & " + " & MOD(I21, $D$21) & " P"))) -> 3 + 1 P | J22: =IF(J21=0, "", IF(MOD(J21, $D$21) = 0, J21/ $D$21, IF(INT(J21 / $D$21) = 0, MOD(J21, $D$21) & " P", INT(J21 / $D$21) & " + " & MOD(J21, $D$21) & " P"))) -> 2 + 19 P | K22: =IF(K21=0, "", IF(MOD(K21, $D$21) = 0, K21/ $D$21, IF(INT(K21 / $D$21) = 0, MOD(K21, $D$21) & " P", INT(K21 / $D$21) & " + " & MOD(K21, $D$21) & " P"))) -> 5 P | L22: =IF(L21=0, "", IF(MOD(L21, $D$21) = 0, L21/ $D$21, IF(INT(L21 / $D$21) = 0, MOD(L21, $D$21) & " P", INT(L21 / $D$21) & " + " & MOD(L21, $D$21) & " P"))) -> 3 + 8 P | ... P22: =IF(P21=0, "", IF(MOD(P21, $D$21) = 0, P21/ $D$21, IF(INT(P21 / $D$21) = 0, MOD(P21, $D$21) & " P", INT(P21 / $D$21) & " + " & MOD(P21, $D$21) & " P"))) | AK22: 227
B23: 5 | C23: สตรอเบอร์รี่ 250 กรัม x 18 P | D23: 18 | I23: 3 | J23: 1 | K23: 1 | L23: 9 | M23: 21 | N23: 3 | O23: 2 | Q23: =SUM(E23:P23) -> 40 | R23: 8 | S23: 100 | T23: =SUM(S23-Q23) -> 60 | V23: =SUM(E23,F23) -> 0 | W23: =SUM(G23,H23) -> 0 | X23: =SUM(I23,J23) -> 4 | Y23: =SUM(K23,L23,M23,) -> 31 | Z23: =SUM(N23,O23,P23) -> 5 | AK23: =IF(AK22=0, "", IF(MOD(AK22, $D$23) = 0, AK22/ $D$23, IF(INT(AK22 / $D$23) = 0, MOD(AK22, $D$23) & " P", INT(AK22 / $D$23) & " + " & MOD(AK22, $D$23) & " P"))) -> 12 + 11 P
C24: Straw USA 250 g. ( 2003009710008 ) | E24: =IF(E23=0, "", IF(MOD(E23, $D$23) = 0, E23/ $D$23, IF(INT(E23 / $D$23) = 0, MOD(E23, $D$23) & " P", INT(E23 / $D$23) & " + " & MOD(E23, $D$23) & " P"))) | F24: =IF(F23=0, "", IF(MOD(F23, $D$23) = 0, F23/ $D$23, IF(INT(F23 / $D$23) = 0, MOD(F23, $D$23) & " P", INT(F23 / $D$23) & " + " & MOD(F23, $D$23) & " P"))) | G24: =IF(G23=0, "", IF(MOD(G23, $D$23) = 0, G23/ $D$23, IF(INT(G23 / $D$23) = 0, MOD(G23, $D$23) & " P", INT(G23 / $D$23) & " + " & MOD(G23, $D$23) & " P"))) | H24: =IF(H23=0, "", IF(MOD(H23, $D$23) = 0, H23/ $D$23, IF(INT(H23 / $D$23) = 0, MOD(H23, $D$23) & " P", INT(H23 / $D$23) & " + " & MOD(H23, $D$23) & " P"))) | I24: =IF(I23=0, "", IF(MOD(I23, $D$23) = 0, I23/ $D$23, IF(INT(I23 / $D$23) = 0, MOD(I23, $D$23) & " P", INT(I23 / $D$23) & " + " & MOD(I23, $D$23) & " P"))) -> 3 P | J24: =IF(J23=0, "", IF(MOD(J23, $D$23) = 0, J23/ $D$23, IF(INT(J23 / $D$23) = 0, MOD(J23, $D$23) & " P", INT(J23 / $D$23) & " + " & MOD(J23, $D$23) & " P"))) -> 1 P | K24: =IF(K23=0, "", IF(MOD(K23, $D$23) = 0, K23/ $D$23, IF(INT(K23 / $D$23) = 0, MOD(K23, $D$23) & " P", INT(K23 / $D$23) & " + " & MOD(K23, $D$23) & " P"))) -> 1 P | L24: =IF(L23=0, "", IF(MOD(L23, $D$23) = 0, L23/ $D$23, IF(INT(L23 / $D$23) = 0, MOD(L23, $D$23) & " P", INT(L23 / $D$23) & " + " & MOD(L23, $D$23) & " P"))) -> 9 P | ... P24: =IF(P23=0, "", IF(MOD(P23, $D$23) = 0, P23/ $D$23, IF(INT(P23 / $D$23) = 0, MOD(P23, $D$23) & " P", INT(P23 / $D$23) & " + " & MOD(P23, $D$23) & " P"))) | AK24: 25
B25: 6 | C25: บลูเบอร์รี่ 125 กรัม x 36 P | D25: 36 | I25: 31 | J25: 9 | K25: 6 | L25: 124 | M25: 230 | N25: 17 | O25: 20 | Q25: =SUM(E25:P25) -> 437 | R25: 16 | S25: 650 | T25: =SUM(S25-Q25) -> 213 | V25: =SUM(E25,F25) -> 0 | W25: =SUM(G25,H25) -> 0 | X25: =SUM(I25,J25) -> 40 | Y25: =SUM(K25,L25,M25,) -> 360 | Z25: =SUM(N25,O25,P25) -> 37 | AK25: =IF(AK24=0, "", IF(MOD(AK24, $D$25) = 0, AK24/ $D$25, IF(INT(AK24 / $D$25) = 0, MOD(AK24, $D$25) & " P", INT(AK24 / $D$25) & " + " & MOD(AK24, $D$25) & " P"))) -> 25 P
C26: Blue 125 g. ( 2003009720007 ) | E26: =IF(E25=0, "", IF(MOD(E25, $D$25) = 0, E25/ $D$25, IF(INT(E25 / $D$25) = 0, MOD(E25, $D$25) & " P", INT(E25 / $D$25) & " + " & MOD(E25, $D$25) & " P"))) | F26: =IF(F25=0, "", IF(MOD(F25, $D$25) = 0, F25/ $D$25, IF(INT(F25 / $D$25) = 0, MOD(F25, $D$25) & " P", INT(F25 / $D$25) & " + " & MOD(F25, $D$25) & " P"))) | G26: =IF(G25=0, "", IF(MOD(G25, $D$25) = 0, G25/ $D$25, IF(INT(G25 / $D$25) = 0, MOD(G25, $D$25) & " P", INT(G25 / $D$25) & " + " & MOD(G25, $D$25) & " P"))) | H26: =IF(H25=0, "", IF(MOD(H25, $D$25) = 0, H25/ $D$25, IF(INT(H25 / $D$25) = 0, MOD(H25, $D$25) & " P", INT(H25 / $D$25) & " + " & MOD(H25, $D$25) & " P"))) | I26: =IF(I25=0, "", IF(MOD(I25, $D$25) = 0, I25/ $D$25, IF(INT(I25 / $D$25) = 0, MOD(I25, $D$25) & " P", INT(I25 / $D$25) & " + " & MOD(I25, $D$25) & " P"))) -> 31 P | J26: =IF(J25=0, "", IF(MOD(J25, $D$25) = 0, J25/ $D$25, IF(INT(J25 / $D$25) = 0, MOD(J25, $D$25) & " P", INT(J25 / $D$25) & " + " & MOD(J25, $D$25) & " P"))) -> 9 P | K26: =IF(K25=0, "", IF(MOD(K25, $D$25) = 0, K25/ $D$25, IF(INT(K25 / $D$25) = 0, MOD(K25, $D$25) & " P", INT(K25 / $D$25) & " + " & MOD(K25, $D$25) & " P"))) -> 6 P | L26: =IF(L25=0, "", IF(MOD(L25, $D$25) = 0, L25/ $D$25, IF(INT(L25 / $D$25) = 0, MOD(L25, $D$25) & " P", INT(L25 / $D$25) & " + " & MOD(L25, $D$25) & " P"))) -> 3 + 16 P | ... P26: =IF(P25=0, "", IF(MOD(P25, $D$25) = 0, P25/ $D$25, IF(INT(P25 / $D$25) = 0, MOD(P25, $D$25) & " P", INT(P25 / $D$25) & " + " & MOD(P25, $D$25) & " P"))) | AK26: 2
B27: 7 | C27: องุ่นดำไร้เมล็ด 300 กรัม x20P | D27: 20 | I27: 8 | J27: 2 | K27: 0 | L27: 14 | M27: 37 | N27: 6 | O27: 8 | Q27: =SUM(E27:P27) -> 75 | R27: 7 | S27: 140 | T27: =SUM(S27-Q27) -> 65 | V27: =SUM(E27,F27) -> 0 | W27: =SUM(G27,H27) -> 0 | X27: =SUM(I27,J27) -> 10 | Y27: =SUM(K27,L27,M27,) -> 51 | Z27: =SUM(N27,O27,P27) -> 14 | AK27: =IF(AK26=0, "", IF(MOD(AK26, $D$27) = 0, AK26/ $D$27, IF(INT(AK26 / $D$27) = 0, MOD(AK26, $D$27) & " P", INT(AK26 / $D$27) & " + " & MOD(AK26, $D$27) & " P"))) -> 2 P
C28: BlackGrapesSeedless300g. (8859388002562 ) | E28: =IF(E27=0, "", IF(MOD(E27, $D$27) = 0, E27/ $D$27, IF(INT(E27 / $D$27) = 0, MOD(E27, $D$27) & " P", INT(E27 / $D$27) & " + " & MOD(E27, $D$27) & " P"))) | F28: =IF(F27=0, "", IF(MOD(F27, $D$27) = 0, F27/ $D$27, IF(INT(F27 / $D$27) = 0, MOD(F27, $D$27) & " P", INT(F27 / $D$27) & " + " & MOD(F27, $D$27) & " P"))) | G28: =IF(G27=0, "", IF(MOD(G27, $D$27) = 0, G27/ $D$27, IF(INT(G27 / $D$27) = 0, MOD(G27, $D$27) & " P", INT(G27 / $D$27) & " + " & MOD(G27, $D$27) & " P"))) | H28: =IF(H27=0, "", IF(MOD(H27, $D$27) = 0, H27/ $D$27, IF(INT(H27 / $D$27) = 0, MOD(H27, $D$27) & " P", INT(H27 / $D$27) & " + " & MOD(H27, $D$27) & " P"))) | I28: =IF(I27=0, "", IF(MOD(I27, $D$27) = 0, I27/ $D$27, IF(INT(I27 / $D$27) = 0, MOD(I27, $D$27) & " P", INT(I27 / $D$27) & " + " & MOD(I27, $D$27) & " P"))) -> 8 P | J28: =IF(J27=0, "", IF(MOD(J27, $D$27) = 0, J27/ $D$27, IF(INT(J27 / $D$27) = 0, MOD(J27, $D$27) & " P", INT(J27 / $D$27) & " + " & MOD(J27, $D$27) & " P"))) -> 2 P | K28: =IF(K27=0, "", IF(MOD(K27, $D$27) = 0, K27/ $D$27, IF(INT(K27 / $D$27) = 0, MOD(K27, $D$27) & " P", INT(K27 / $D$27) & " + " & MOD(K27, $D$27) & " P"))) | L28: =IF(L27=0, "", IF(MOD(L27, $D$27) = 0, L27/ $D$27, IF(INT(L27 / $D$27) = 0, MOD(L27, $D$27) & " P", INT(L27 / $D$27) & " + " & MOD(L27, $D$27) & " P"))) -> 14 P | ... P28: =IF(P27=0, "", IF(MOD(P27, $D$27) = 0, P27/ $D$27, IF(INT(P27 / $D$27) = 0, MOD(P27, $D$27) & " P", INT(P27 / $D$27) & " + " & MOD(P27, $D$27) & " P"))) | AK28: 74
B29: 8 | C29: องุ่นไชน์มัสแคท 300 กรัมx 15 P | D29: 15 | I29: 6 | J29: 9 | K29: 0 | L29: 24 | M29: 57 | N29: 11 | O29: 15 | Q29: =SUM(E29:P29) -> 122 | R29: 10 | S29: 240 | T29: =SUM(S29-Q29) -> 118 | V29: =SUM(E29,F29) -> 0 | W29: =SUM(G29,H29) -> 0 | X29: =SUM(I29,J29) -> 15 | Y29: =SUM(K29,L29,M29,) -> 81 | Z29: =SUM(N29,O29,P29) -> 26 | AK29: =IF(AK28=0, "", IF(MOD(AK28, $D$29) = 0, AK28/ $D$29, IF(INT(AK28 / $D$29) = 0, MOD(AK28, $D$29) & " P", INT(AK28 / $D$29) & " + " & MOD(AK28, $D$29) & " P"))) -> 4 + 14 P
C30: Shine Muscat 300g ( 88593880000189 ) | E30: =IF(E29=0, "", IF(MOD(E29, $D$29) = 0, E29/ $D$29, IF(INT(E29 / $D$29) = 0, MOD(E29, $D$29) & " P", INT(E29 / $D$29) & " + " & MOD(E29, $D$29) & " P"))) | F30: =IF(F29=0, "", IF(MOD(F29, $D$29) = 0, F29/ $D$29, IF(INT(F29 / $D$29) = 0, MOD(F29, $D$29) & " P", INT(F29 / $D$29) & " + " & MOD(F29, $D$29) & " P"))) | G30: =IF(G29=0, "", IF(MOD(G29, $D$29) = 0, G29/ $D$29, IF(INT(G29 / $D$29) = 0, MOD(G29, $D$29) & " P", INT(G29 / $D$29) & " + " & MOD(G29, $D$29) & " P"))) | H30: =IF(H29=0, "", IF(MOD(H29, $D$29) = 0, H29/ $D$29, IF(INT(H29 / $D$29) = 0, MOD(H29, $D$29) & " P", INT(H29 / $D$29) & " + " & MOD(H29, $D$29) & " P"))) | I30: =IF(I29=0, "", IF(MOD(I29, $D$29) = 0, I29/ $D$29, IF(INT(I29 / $D$29) = 0, MOD(I29, $D$29) & " P", INT(I29 / $D$29) & " + " & MOD(I29, $D$29) & " P"))) -> 6 P | J30: =IF(J29=0, "", IF(MOD(J29, $D$29) = 0, J29/ $D$29, IF(INT(J29 / $D$29) = 0, MOD(J29, $D$29) & " P", INT(J29 / $D$29) & " + " & MOD(J29, $D$29) & " P"))) -> 9 P | K30: =IF(K29=0, "", IF(MOD(K29, $D$29) = 0, K29/ $D$29, IF(INT(K29 / $D$29) = 0, MOD(K29, $D$29) & " P", INT(K29 / $D$29) & " + " & MOD(K29, $D$29) & " P"))) | L30: =IF(L29=0, "", IF(MOD(L29, $D$29) = 0, L29/ $D$29, IF(INT(L29 / $D$29) = 0, MOD(L29, $D$29) & " P", INT(L29 / $D$29) & " + " & MOD(L29, $D$29) & " P"))) -> 1 + 9 P | ... P30: =IF(P29=0, "", IF(MOD(P29, $D$29) = 0, P29/ $D$29, IF(INT(P29 / $D$29) = 0, MOD(P29, $D$29) & " P", INT(P29 / $D$29) & " + " & MOD(P29, $D$29) & " P"))) | AK30: 34
B31: 9 | C31: แอปเปิ้ลแดงวอชิงตันลูกเดี่ยว x 45 P | D31: 45 | I31: 0 | J31: 2 | K31: 2 | L31: 4 | M31: 8 | N31: 0 | O31: 1 | Q31: =SUM(E31:P31) -> 17 | R31: 5 | S31: 70 | T31: =SUM(S31-Q31) -> 53 | V31: =SUM(E31,F31) -> 0 | W31: =SUM(G31,H31) -> 0 | X31: =SUM(I31,J31) -> 2 | Y31: =SUM(K31,L31,M31,) -> 14 | Z31: =SUM(N31,O31,P31) -> 1 | AK31: =IF(AK30=0, "", IF(MOD(AK30, $D$31) = 0, AK30/ $D$31, IF(INT(AK30 / $D$31) = 0, MOD(AK30, $D$31) & " P", INT(AK30 / $D$31) & " + " & MOD(AK30, $D$31) & " P"))) -> 34 P
C32: Washington ( 8859388000759 ) | E32: =IF(E31=0, "", IF(MOD(E31, $D$31) = 0, E31/ $D$31, IF(INT(E31 / $D$31) = 0, MOD(E31, $D$31) & " P", INT(E31 / $D$31) & " + " & MOD(E31, $D$31) & " P"))) | F32: =IF(F31=0, "", IF(MOD(F31, $D$31) = 0, F31/ $D$31, IF(INT(F31 / $D$31) = 0, MOD(F31, $D$31) & " P", INT(F31 / $D$31) & " + " & MOD(F31, $D$31) & " P"))) | G32: =IF(G31=0, "", IF(MOD(G31, $D$31) = 0, G31/ $D$31, IF(INT(G31 / $D$31) = 0, MOD(G31, $D$31) & " P", INT(G31 / $D$31) & " + " & MOD(G31, $D$31) & " P"))) | H32: =IF(H31=0, "", IF(MOD(H31, $D$31) = 0, H31/ $D$31, IF(INT(H31 / $D$31) = 0, MOD(H31, $D$31) & " P", INT(H31 / $D$31) & " + " & MOD(H31, $D$31) & " P"))) | I32: =IF(I31=0, "", IF(MOD(I31, $D$31) = 0, I31/ $D$31, IF(INT(I31 / $D$31) = 0, MOD(I31, $D$31) & " P", INT(I31 / $D$31) & " + " & MOD(I31, $D$31) & " P"))) | J32: =IF(J31=0, "", IF(MOD(J31, $D$31) = 0, J31/ $D$31, IF(INT(J31 / $D$31) = 0, MOD(J31, $D$31) & " P", INT(J31 / $D$31) & " + " & MOD(J31, $D$31) & " P"))) -> 2 P | K32: =IF(K31=0, "", IF(MOD(K31, $D$31) = 0, K31/ $D$31, IF(INT(K31 / $D$31) = 0, MOD(K31, $D$31) & " P", INT(K31 / $D$31) & " + " & MOD(K31, $D$31) & " P"))) -> 2 P | L32: =IF(L31=0, "", IF(MOD(L31, $D$31) = 0, L31/ $D$31, IF(INT(L31 / $D$31) = 0, MOD(L31, $D$31) & " P", INT(L31 / $D$31) & " + " & MOD(L31, $D$31) & " P"))) -> 4 P | ... P32: =IF(P31=0, "", IF(MOD(P31, $D$31) = 0, P31/ $D$31, IF(INT(P31 / $D$31) = 0, MOD(P31, $D$31) & " P", INT(P31 / $D$31) & " + " & MOD(P31, $D$31) & " P"))) | AK32: 33
B33: 10 | C33: องุ่นสวีทแซฟไฟร์300 กรัม x 15 P | D33: 15 | I33: 16 | J33: 20 | K33: 1 | L33: 28 | M33: 79 | N33: 16 | O33: 19 | Q33: =SUM(E33:P33) -> 179 | R33: 17 | S33: 320 | T33: =SUM(S33-Q33) -> 141 | V33: =SUM(E33,F33) -> 0 | W33: =SUM(G33,H33) -> 0 | X33: =SUM(I33,J33) -> 36 | Y33: =SUM(K33,L33,M33,) -> 108 | Z33: =SUM(N33,O33,P33) -> 35 | AK33: =IF(AK32=0, "", IF(MOD(AK32, $D$31) = 0, AK32/ $D$31, IF(INT(AK32 / $D$31) = 0, MOD(AK32, $D$31) & " P", INT(AK32 / $D$31) & " + " & MOD(AK32, $D$31) & " P"))) -> 33 P
C34: Sweet Sapphire ( 8859388000223 ) | E34: =IF(E33=0, "", IF(MOD(E33, $D$33) = 0, E33/ $D$33, IF(INT(E33 / $D$33) = 0, MOD(E33, $D$33) & " P", INT(E33 / $D$33) & " + " & MOD(E33, $D$33) & " P"))) | F34: =IF(F33=0, "", IF(MOD(F33, $D$33) = 0, F33/ $D$33, IF(INT(F33 / $D$33) = 0, MOD(F33, $D$33) & " P", INT(F33 / $D$33) & " + " & MOD(F33, $D$33) & " P"))) | G34: =IF(G33=0, "", IF(MOD(G33, $D$33) = 0, G33/ $D$33, IF(INT(G33 / $D$33) = 0, MOD(G33, $D$33) & " P", INT(G33 / $D$33) & " + " & MOD(G33, $D$33) & " P"))) | H34: =IF(H33=0, "", IF(MOD(H33, $D$33) = 0, H33/ $D$33, IF(INT(H33 / $D$33) = 0, MOD(H33, $D$33) & " P", INT(H33 / $D$33) & " + " & MOD(H33, $D$33) & " P"))) | I34: =IF(I33=0, "", IF(MOD(I33, $D$33) = 0, I33/ $D$33, IF(INT(I33 / $D$33) = 0, MOD(I33, $D$33) & " P", INT(I33 / $D$33) & " + " & MOD(I33, $D$33) & " P"))) -> 1 + 1 P | J34: =IF(J33=0, "", IF(MOD(J33, $D$33) = 0, J33/ $D$33, IF(INT(J33 / $D$33) = 0, MOD(J33, $D$33) & " P", INT(J33 / $D$33) & " + " & MOD(J33, $D$33) & " P"))) -> 1 + 5 P | K34: =IF(K33=0, "", IF(MOD(K33, $D$33) = 0, K33/ $D$33, IF(INT(K33 / $D$33) = 0, MOD(K33, $D$33) & " P", INT(K33 / $D$33) & " + " & MOD(K33, $D$33) & " P"))) -> 1 P | L34: =IF(L33=0, "", IF(MOD(L33, $D$33) = 0, L33/ $D$33, IF(INT(L33 / $D$33) = 0, MOD(L33, $D$33) & " P", INT(L33 / $D$33) & " + " & MOD(L33, $D$33) & " P"))) -> 1 + 13 P | ... P34: =IF(P33=0, "", IF(MOD(P33, $D$33) = 0, P33/ $D$33, IF(INT(P33 / $D$33) = 0, MOD(P33, $D$33) & " P", INT(P33 / $D$33) & " + " & MOD(P33, $D$33) & " P"))) | AK34: 33
B35: 11 | C35: องุ่นเคียวโฮ 300 กรัม x 15 P | D35: 15 | I35: 12 | J35: 19 | K35: 0 | L35: 26 | M35: 60 | N35: 14 | O35: 10 | Q35: =SUM(E35:P35) -> 141 | R35: 11 | S35: 190 | T35: =SUM(S35-Q35) -> 49 | V35: =SUM(E35,F35) -> 0 | W35: =SUM(G35,H35) -> 0 | X35: =SUM(I35,J35) -> 31 | Y35: =SUM(K35,L35,M35,) -> 86 | Z35: =SUM(N35,O35,P35) -> 24 | AK35: =IF(AK30=0, "", IF(MOD(AK30, $D$37) = 0, AK30/ $D$37, IF(INT(AK30 / $D$37) = 0, MOD(AK30, $D$37) & " P", INT(AK30 / $D$37) & " + " & MOD(AK30, $D$37) & " P"))) -> 1 + 7 P
C36: Kyoho Grape (888593880000063 ) | E36: =IF(E35=0, "", IF(MOD(E35, $D$35) = 0, E35/ $D$35, IF(INT(E35 / $D$35) = 0, MOD(E35, $D$35) & " P", INT(E35 / $D$35) & " + " & MOD(E35, $D$35) & " P"))) | F36: =IF(F35=0, "", IF(MOD(F35, $D$35) = 0, F35/ $D$35, IF(INT(F35 / $D$35) = 0, MOD(F35, $D$35) & " P", INT(F35 / $D$35) & " + " & MOD(F35, $D$35) & " P"))) | G36: =IF(G35=0, "", IF(MOD(G35, $D$35) = 0, G35/ $D$35, IF(INT(G35 / $D$35) = 0, MOD(G35, $D$35) & " P", INT(G35 / $D$35) & " + " & MOD(G35, $D$35) & " P"))) | H36: =IF(H35=0, "", IF(MOD(H35, $D$35) = 0, H35/ $D$35, IF(INT(H35 / $D$35) = 0, MOD(H35, $D$35) & " P", INT(H35 / $D$35) & " + " & MOD(H35, $D$35) & " P"))) | I36: =IF(I35=0, "", IF(MOD(I35, $D$35) = 0, I35/ $D$35, IF(INT(I35 / $D$35) = 0, MOD(I35, $D$35) & " P", INT(I35 / $D$35) & " + " & MOD(I35, $D$35) & " P"))) -> 12 P | J36: =IF(J35=0, "", IF(MOD(J35, $D$35) = 0, J35/ $D$35, IF(INT(J35 / $D$35) = 0, MOD(J35, $D$35) & " P", INT(J35 / $D$35) & " + " & MOD(J35, $D$35) & " P"))) -> 1 + 4 P | K36: =IF(K35=0, "", IF(MOD(K35, $D$35) = 0, K35/ $D$35, IF(INT(K35 / $D$35) = 0, MOD(K35, $D$35) & " P", INT(K35 / $D$35) & " + " & MOD(K35, $D$35) & " P"))) | L36: =IF(L35=0, "", IF(MOD(L35, $D$35) = 0, L35/ $D$35, IF(INT(L35 / $D$35) = 0, MOD(L35, $D$35) & " P", INT(L35 / $D$35) & " + " & MOD(L35, $D$35) & " P"))) -> 1 + 11 P | ... P36: =IF(P35=0, "", IF(MOD(P35, $D$35) = 0, P35/ $D$35, IF(INT(P35 / $D$35) = 0, MOD(P35, $D$35) & " P", INT(P35 / $D$35) & " + " & MOD(P35, $D$35) & " P")))
B37: 12 | C37: ลูกไหนจิ๋ว 200 g. x 27 p | D37: 27 | I37: 19 | J37: 20 | K37: 0 | L37: 66 | M37: 86 | N37: 30 | O37: 35 | Q37: =SUM(E37:P37) -> 256 | R37: 13 | S37: 440 | T37: =SUM(S37-Q37) -> 184 | V37: =SUM(E37,F37) -> 0 | W37: =SUM(G37,H37) -> 0 | X37: =SUM(I37,J37) -> 39 | Y37: =SUM(K37,L37,M37,) -> 152 | Z37: =SUM(N37,O37,P37) -> 65 | AK37: =IF(AK32=0, "", IF(MOD(AK32, $D$37) = 0, AK32/ $D$37, IF(INT(AK32 / $D$37) = 0, MOD(AK32, $D$37) & " P", INT(AK32 / $D$37) & " + " & MOD(AK32, $D$37) & " P"))) -> 1 + 6 P
C38: Plum 200 g. ( 8859388001091 ) | E38: =IF(E37=0, "", IF(MOD(E37, $D$37) = 0, E37/ $D$37, IF(INT(E37 / $D$37) = 0, MOD(E37, $D$37) & " P", INT(E37 / $D$37) & " + " & MOD(E37, $D$37) & " P"))) | F38: =IF(F37=0, "", IF(MOD(F37, $D$37) = 0, F37/ $D$37, IF(INT(F37 / $D$37) = 0, MOD(F37, $D$37) & " P", INT(F37 / $D$37) & " + " & MOD(F37, $D$37) & " P"))) | G38: =IF(G37=0, "", IF(MOD(G37, $D$37) = 0, G37/ $D$37, IF(INT(G37 / $D$37) = 0, MOD(G37, $D$37) & " P", INT(G37 / $D$37) & " + " & MOD(G37, $D$37) & " P"))) | H38: =IF(H37=0, "", IF(MOD(H37, $D$37) = 0, H37/ $D$37, IF(INT(H37 / $D$37) = 0, MOD(H37, $D$37) & " P", INT(H37 / $D$37) & " + " & MOD(H37, $D$37) & " P"))) | I38: =IF(I37=0, "", IF(MOD(I37, $D$37) = 0, I37/ $D$37, IF(INT(I37 / $D$37) = 0, MOD(I37, $D$37) & " P", INT(I37 / $D$37) & " + " & MOD(I37, $D$37) & " P"))) -> 19 P | J38: =IF(J37=0, "", IF(MOD(J37, $D$37) = 0, J37/ $D$37, IF(INT(J37 / $D$37) = 0, MOD(J37, $D$37) & " P", INT(J37 / $D$37) & " + " & MOD(J37, $D$37) & " P"))) -> 20 P | K38: =IF(K37=0, "", IF(MOD(K37, $D$37) = 0, K37/ $D$37, IF(INT(K37 / $D$37) = 0, MOD(K37, $D$37) & " P", INT(K37 / $D$37) & " + " & MOD(K37, $D$37) & " P"))) | L38: =IF(L37=0, "", IF(MOD(L37, $D$37) = 0, L37/ $D$37, IF(INT(L37 / $D$37) = 0, MOD(L37, $D$37) & " P", INT(L37 / $D$37) & " + " & MOD(L37, $D$37) & " P"))) -> 2 + 12 P | ... P38: =IF(P37=0, "", IF(MOD(P37, $D$37) = 0, P37/ $D$37, IF(INT(P37 / $D$37) = 0, MOD(P37, $D$37) & " P", INT(P37 / $D$37) & " + " & MOD(P37, $D$37) & " P")))
B39: 13 | C39: องุ่นแดงไร้เมล็ด 300 g. x 20 p | D39: 20 | I39: 18 | J39: 19 | K39: 3 | L39: 53 | M39: 135 | N39: 6 | O39: 9 | Q39: =SUM(E39:P39) -> 243 | R39: 15 | S39: 450 | T39: =SUM(S39-Q39) -> 207 | V39: =SUM(E39,F39) -> 0 | W39: =SUM(G39,H39) -> 0 | X39: =SUM(I39,J39) -> 37 | Y39: =SUM(K39,L39,M39,) -> 191 | Z39: =SUM(N39,O39,P39) -> 15 | AK39: =IF(AK36=0, "", IF(MOD(AK36, $D$37) = 0, AK36/ $D$37, IF(INT(AK36 / $D$37) = 0, MOD(AK36, $D$37) & " P", INT(AK36 / $D$37) & " + " & MOD(AK36, $D$37) & " P")))
C40: Red Seedless 300 g.( 8859388001084 ) | E40: =IF(E39=0, "", IF(MOD(E39, $D$39) = 0, E39/ $D$39, IF(INT(E39 / $D$39) = 0, MOD(E39, $D$39) & " P", INT(E39 / $D$39) & " + " & MOD(E39, $D$39) & " P"))) | F40: =IF(F39=0, "", IF(MOD(F39, $D$39) = 0, F39/ $D$39, IF(INT(F39 / $D$39) = 0, MOD(F39, $D$39) & " P", INT(F39 / $D$39) & " + " & MOD(F39, $D$39) & " P"))) | G40: =IF(G39=0, "", IF(MOD(G39, $D$39) = 0, G39/ $D$39, IF(INT(G39 / $D$39) = 0, MOD(G39, $D$39) & " P", INT(G39 / $D$39) & " + " & MOD(G39, $D$39) & " P"))) | H40: =IF(H39=0, "", IF(MOD(H39, $D$39) = 0, H39/ $D$39, IF(INT(H39 / $D$39) = 0, MOD(H39, $D$39) & " P", INT(H39 / $D$39) & " + " & MOD(H39, $D$39) & " P"))) | I40: =IF(I39=0, "", IF(MOD(I39, $D$39) = 0, I39/ $D$39, IF(INT(I39 / $D$39) = 0, MOD(I39, $D$39) & " P", INT(I39 / $D$39) & " + " & MOD(I39, $D$39) & " P"))) -> 18 P | J40: =IF(J39=0, "", IF(MOD(J39, $D$39) = 0, J39/ $D$39, IF(INT(J39 / $D$39) = 0, MOD(J39, $D$39) & " P", INT(J39 / $D$39) & " + " & MOD(J39, $D$39) & " P"))) -> 19 P | K40: =IF(K39=0, "", IF(MOD(K39, $D$39) = 0, K39/ $D$39, IF(INT(K39 / $D$39) = 0, MOD(K39, $D$39) & " P", INT(K39 / $D$39) & " + " & MOD(K39, $D$39) & " P"))) -> 3 P | L40: =IF(L39=0, "", IF(MOD(L39, $D$39) = 0, L39/ $D$39, IF(INT(L39 / $D$39) = 0, MOD(L39, $D$39) & " P", INT(L39 / $D$39) & " + " & MOD(L39, $D$39) & " P"))) -> 2 + 13 P | ... P40: =IF(P39=0, "", IF(MOD(P39, $D$39) = 0, P39/ $D$39, IF(INT(P39 / $D$39) = 0, MOD(P39, $D$39) & " P", INT(P39 / $D$39) & " + " & MOD(P39, $D$39) & " P")))
B41: 14 | C41: เบอร์รี่ดูโอ้ 160 กรัม x 32 P | D41: 32 | I41: 6 | J41: 2 | K41: 0 | L41: 31 | M41: 47 | N41: 9 | O41: 2 | Q41: =SUM(E41:P41) -> 97 | R41: 7 | S41: 220 | T41: =SUM(S41-Q41) -> 123 | V41: =SUM(E41,F41) -> 0 | W41: =SUM(G41,H41) -> 0 | X41: =SUM(I41,J41) -> 8 | Y41: =SUM(K41,L41,M41,) -> 78 | Z41: =SUM(N41,O41,P41) -> 11 | AK41: =IF(AK38=0, "", IF(MOD(AK38, $D$37) = 0, AK38/ $D$37, IF(INT(AK38 / $D$37) = 0, MOD(AK38, $D$37) & " P", INT(AK38 / $D$37) & " + " & MOD(AK38, $D$37) & " P")))
C42: Berry Duo 160g. ( 8859388010239 ) | E42: =IF(E41=0, "", IF(MOD(E41, $D$41) = 0, E41/ $D$41, IF(INT(E41 / $D$41) = 0, MOD(E41, $D$41) & " P", INT(E41 / $D$41) & " + " & MOD(E41, $D$41) & " P"))) | F42: =IF(F41=0, "", IF(MOD(F41, $D$41) = 0, F41/ $D$41, IF(INT(F41 / $D$41) = 0, MOD(F41, $D$41) & " P", INT(F41 / $D$41) & " + " & MOD(F41, $D$41) & " P"))) | G42: =IF(G41=0, "", IF(MOD(G41, $D$41) = 0, G41/ $D$41, IF(INT(G41 / $D$41) = 0, MOD(G41, $D$41) & " P", INT(G41 / $D$41) & " + " & MOD(G41, $D$41) & " P"))) | H42: =IF(H41=0, "", IF(MOD(H41, $D$41) = 0, H41/ $D$41, IF(INT(H41 / $D$41) = 0, MOD(H41, $D$41) & " P", INT(H41 / $D$41) & " + " & MOD(H41, $D$41) & " P"))) | I42: =IF(I41=0, "", IF(MOD(I41, $D$41) = 0, I41/ $D$41, IF(INT(I41 / $D$41) = 0, MOD(I41, $D$41) & " P", INT(I41 / $D$41) & " + " & MOD(I41, $D$41) & " P"))) -> 6 P | J42: =IF(J41=0, "", IF(MOD(J41, $D$41) = 0, J41/ $D$41, IF(INT(J41 / $D$41) = 0, MOD(J41, $D$41) & " P", INT(J41 / $D$41) & " + " & MOD(J41, $D$41) & " P"))) -> 2 P | K42: =IF(K41=0, "", IF(MOD(K41, $D$41) = 0, K41/ $D$41, IF(INT(K41 / $D$41) = 0, MOD(K41, $D$41) & " P", INT(K41 / $D$41) & " + " & MOD(K41, $D$41) & " P"))) | L42: =IF(L41=0, "", IF(MOD(L41, $D$41) = 0, L41/ $D$41, IF(INT(L41 / $D$41) = 0, MOD(L41, $D$41) & " P", INT(L41 / $D$41) & " + " & MOD(L41, $D$41) & " P"))) -> 31 P | ... P42: =IF(P41=0, "", IF(MOD(P41, $D$41) = 0, P41/ $D$41, IF(INT(P41 / $D$41) = 0, MOD(P41, $D$41) & " P", INT(P41 / $D$41) & " + " & MOD(P41, $D$41) & " P")))
B43: 15 | C43: สาลี่ทอง แพ็ก 2 ผล (400g.) x 15 P | D43: 15 | I43: 0 | J43: 2 | K43: 0 | L43: 18 | M43: 32 | N43: 0 | O43: 0 | Q43: =SUM(E43:P43) -> 52 | R43: 6 | S43: 100 | T43: =SUM(S43-Q43) -> 48 | V43: =SUM(E43,F43) -> 0 | W43: =SUM(G43,H43) -> 0 | X43: =SUM(I43,J43) -> 2 | Y43: =SUM(K43,L43,M43,) -> 50 | Z43: =SUM(N43,O43,P43) -> 0 | AK43: =IF(AK40=0, "", IF(MOD(AK40, $D$37) = 0, AK40/ $D$37, IF(INT(AK40 / $D$37) = 0, MOD(AK40, $D$37) & " P", INT(AK40 / $D$37) & " + " & MOD(AK40, $D$37) & " P")))
C44: Pear 400g (8859388010284 ) | E44: =IF(E43=0, "", IF(MOD(E43, $D$43) = 0, E43/ $D$43, IF(INT(E43 / $D$43) = 0, MOD(E43, $D$43) & " P", INT(E43 / $D$43) & " + " & MOD(E43, $D$43) & " P"))) | F44: =IF(F43=0, "", IF(MOD(F43, $D$43) = 0, F43/ $D$43, IF(INT(F43 / $D$43) = 0, MOD(F43, $D$43) & " P", INT(F43 / $D$43) & " + " & MOD(F43, $D$43) & " P"))) | G44: =IF(G43=0, "", IF(MOD(G43, $D$43) = 0, G43/ $D$43, IF(INT(G43 / $D$43) = 0, MOD(G43, $D$43) & " P", INT(G43 / $D$43) & " + " & MOD(G43, $D$43) & " P"))) | H44: =IF(H43=0, "", IF(MOD(H43, $D$43) = 0, H43/ $D$43, IF(INT(H43 / $D$43) = 0, MOD(H43, $D$43) & " P", INT(H43 / $D$43) & " + " & MOD(H43, $D$43) & " P"))) | I44: =IF(I43=0, "", IF(MOD(I43, $D$43) = 0, I43/ $D$43, IF(INT(I43 / $D$43) = 0, MOD(I43, $D$43) & " P", INT(I43 / $D$43) & " + " & MOD(I43, $D$43) & " P"))) | J44: =IF(J43=0, "", IF(MOD(J43, $D$43) = 0, J43/ $D$43, IF(INT(J43 / $D$43) = 0, MOD(J43, $D$43) & " P", INT(J43 / $D$43) & " + " & MOD(J43, $D$43) & " P"))) -> 2 P | K44: =IF(K43=0, "", IF(MOD(K43, $D$43) = 0, K43/ $D$43, IF(INT(K43 / $D$43) = 0, MOD(K43, $D$43) & " P", INT(K43 / $D$43) & " + " & MOD(K43, $D$43) & " P"))) | L44: =IF(L43=0, "", IF(MOD(L43, $D$43) = 0, L43/ $D$43, IF(INT(L43 / $D$43) = 0, MOD(L43, $D$43) & " P", INT(L43 / $D$43) & " + " & MOD(L43, $D$43) & " P"))) -> 1 + 3 P | ... P44: =IF(P43=0, "", IF(MOD(P43, $D$43) = 0, P43/ $D$43, IF(INT(P43 / $D$43) = 0, MOD(P43, $D$43) & " P", INT(P43 / $D$43) & " + " & MOD(P43, $D$43) & " P")))
B45: รวมยอดตะกร้า | I45: -19 | J45: -20 | K45: -9 | L45: -32 | M45: -58 | N45: -16 | O45: -18 | Q45: = | R45: =SUM(R10:R44) -> 172
B50: ลายมือชื่อ | D50: เริ่มโหลด | F50: โหลดเสร็จ | H50: หมายเหตุ | M50: *เบิกตะกร้ากลับด้วยนะคะ = | Q50: =SUM(R45) -> 172 | R50: ใบ
B51: แพ็คกิ้ง
B52: เช็คเกอร์ | N52: รถมีผ้าม่านปิด หรือไม่( ✓)
B53: ขนส่ง | K53: ลายเซ็น คนขึ้นของ | O53: มี | P53: มี | Q53: ไม่มี

Sheet บางบัวทอง-รถ
A1: #VALUE! | B1: Global Trade and Distribution Co., Ltd. บริษัท โกลบอล เทรด แอนด์ ดิสทริบิวชั่น จำกัด | Q1: Date:
Q3: PO:
A4: ผู้ส่ง:
A6: เซเว่น SB | C6: สุวรรณภูมิ
C7: รับ GTD | D7: เวลาลงสินค้า 02:00-04:00 น.
D8: PO1 | E8: PO2 | F8: PO3 | G8: PO4 | H8: PO5 | I8: PO6 | J8: PO7 | K8: PO8 | L8: PO9 | M8: PO10 | N8: PO11 | O8: PO12 | Q8: ยอดรับจริง | R8: ยอดส่งคืน | S8: หมายเหตุ | T8: KK - PO1 | W8: KK - PO2 | Z8: SR - PO1 | AC8: SR - PO2 | AF8: CM- PO1 | AI8: CM- PO2 | AL8: PK- PO1 | AO8: PK- PO2 | AR8: HY- PO1 | AU8: HY- PO2
A9: รายการสินค้า | B9: บรรจุ/ตก. | P9: GTD | T9: F | U9: >H | V9: ≤H | W9: F | X9: >H | Y9: ≤H | Z9: F | AA9: >H | AB9: ≤H | AC9: F | AD9: >H | AE9: ≤H | AF9: F | AG9: >H | AH9: ≤H | AI9: F | AJ9: >H | AK9: ≤H | AL9: F | AM9: >H | AN9: ≤H | AO9: F | AP9: >H | AQ9: ≤H | AR9: F | AS9: >H | AT9: ≤H | AU9: F | AV9: >H | AW9: ≤H
A10: ='[1]บางบัวทอง-ผลิต'!C12 -> องุ่นดำไร้เมล็ด 150 กรัม x36P | B10: 36 | C10: {=SUMPRODUCT(ROUNDUP(D10:O10/B10, 0))} -> 0 | D10: ='บางบัวทอง-ผลิต'!E15 -> 0 | E10: ='บางบัวทอง-ผลิต'!F15 -> 0 | F10: ='บางบัวทอง-ผลิต'!G15 -> 0 | G10: ='บางบัวทอง-ผลิต'!H15 -> 0 | H10: ='บางบัวทอง-ผลิต'!I15 -> 0 | I10: ='บางบัวทอง-ผลิต'!J15 -> 0 | J10: ='บางบัวทอง-ผลิต'!K15 -> 0 | K10: ='บางบัวทอง-ผลิต'!L15 -> 0 | ... O10: ='บางบัวทอง-ผลิต'!P15 -> 0 | P10: ='บางบัวทอง-ผลิต'!#REF! -> #REF! | T10: =INT(D10/B10) -> 0 | U10: =IF(MOD(D10,B10)/B10>0.5,1,0) -> 0 | V10: =IF(AND(MOD(D10,B10)/B10<=0.5,MOD(D10,B10)<>0),1,0) -> 0 | W10: =INT(E10/B10) -> 0 | X10: =IF(MOD(E10,B10)/B10>0.5,1,0) -> 0 | Y10: =IF(AND(MOD(E10,B10)/B10<=0.5,MOD(E10,B10)<>0),1,0) -> 0 | Z10: =INT(F10/B10) -> 0 | AA10: =IF(MOD(F10,B10)/B10>0.5,1,0) -> 0 | AB10: =IF(AND(MOD(F10,B10)/B10<=0.5,MOD(F10,B10)<>0),1,0) -> 0 | AC10: =INT(G10/B10) -> 0 | AD10: =IF(MOD(G10,B10)/B10>0.5,1,0) -> 0 | AE10: =IF(AND(MOD(G10,B10)/B10<=0.5,MOD(G10,B10)<>0),1,0) -> 0 | AF10: =INT(H10/B10) -> 0 | AG10: =IF(MOD(H10,B10)/B10>0.5,1,0) -> 0 | AH10: =IF(AND(MOD(H10,B10)/B10<=0.5,MOD(H10,B10)<>0),1,0) -> 0 | AI10: =INT(I10/B10) -> 0 | AJ10: =IF(MOD(I10,B10)/B10>0.5,1,0) -> 0 | AK10: =IF(AND(MOD(I10,B10)/B10<=0.5,MOD(I10,B10)<>0),1,0) -> 0 | AL10: =INT(J10/B10) -> 0 | AM10: =IF(MOD(J10,B10)/B10>0.5,1,0) -> 0 | AN10: =IF(AND(MOD(J10,B10)/B10<=0.5,MOD(J10,B10)<>0),1,0) -> 0 | AO10: =INT(K10/B10) -> 0 | AP10: =IF(MOD(K10,B10)/B10>0.5,1,0) -> 0 | AQ10: =IF(AND(MOD(K10,B10)/B10<=0.5,MOD(K10,B10)<>0),1,0) -> 0 | AR10: =INT(L10/B10) -> 0 | AS10: =IF(MOD(L10,B10)/B10>0.5,1,0) -> 0 | AT10: =IF(AND(MOD(L10,B10)/B10<=0.5,MOD(L10,B10)<>0),1,0) -> 0 | AU10: =INT(O10/B10) -> 0 | AV10: =IF(MOD(O10,B10)/B10>0.5,1,0) -> 0 | AW10: =IF(AND(MOD(O10,B10)/B10<=0.5,MOD(O10,B10)<>0),1,0) -> 0
A11: ='[1]บางบัวทอง-ผลิต'!C14 -> องุ่นแดงนอกมีเมล็ด 200 กรัม x 32 P | B11: 32 | C11: {=SUMPRODUCT(ROUNDUP(D11:O11/B11, 0))} -> 0 | D11: ='บางบัวทอง-ผลิต'!E17 -> 0 | E11: ='บางบัวทอง-ผลิต'!F17 -> 0 | F11: ='บางบัวทอง-ผลิต'!G17 -> 0 | G11: ='บางบัวทอง-ผลิต'!H17 -> 0 | H11: ='บางบัวทอง-ผลิต'!I17 -> 0 | I11: ='บางบัวทอง-ผลิต'!J17 -> 0 | J11: ='บางบัวทอง-ผลิต'!K17 -> 0 | K11: ='บางบัวทอง-ผลิต'!L17 -> 0 | ... O11: ='บางบัวทอง-ผลิต'!P17 -> 0 | P11: =INT(SUM(D11:O11)/B11) & " full, " & IF(MOD(SUM(D11:O11), B11)/B11 <= 0.5, "1 less than half", IF(MOD(SUM(D11:O11), B11)/B11 > 0.5, "1 more than half", "")) -> 0 full, 1 less than half | T11: =INT(D11/B11) -> 0 | U11: =IF(MOD(D11,B11)/B11>0.5,1,0) -> 0 | V11: =IF(AND(MOD(D11,B11)/B11<=0.5,MOD(D11,B11)<>0),1,0) -> 0 | W11: =INT(E11/B11) -> 0 | X11: =IF(MOD(E11,B11)/B11>0.5,1,0) -> 0 | Y11: =IF(AND(MOD(E11,B11)/B11<=0.5,MOD(E11,B11)<>0),1,0) -> 0 | Z11: =INT(F11/B11) -> 0 | AA11: =IF(MOD(F11,B11)/B11>0.5,1,0) -> 0 | AB11: =IF(AND(MOD(F11,B11)/B11<=0.5,MOD(F11,B11)<>0),1,0) -> 0 | AC11: =INT(G11/B11) -> 0 | AD11: =IF(MOD(G11,B11)/B11>0.5,1,0) -> 0 | AE11: =IF(AND(MOD(G11,B11)/B11<=0.5,MOD(G11,B11)<>0),1,0) -> 0 | AF11: =INT(H11/B11) -> 0 | AG11: =IF(MOD(H11,B11)/B11>0.5,1,0) -> 0 | AH11: =IF(AND(MOD(H11,B11)/B11<=0.5,MOD(H11,B11)<>0),1,0) -> 0 | AI11: =INT(I11/B11) -> 0 | AJ11: =IF(MOD(I11,B11)/B11>0.5,1,0) -> 0 | AK11: =IF(AND(MOD(I11,B11)/B11<=0.5,MOD(I11,B11)<>0),1,0) -> 0 | AL11: =INT(J11/B11) -> 0 | AM11: =IF(MOD(J11,B11)/B11>0.5,1,0) -> 0 | AN11: =IF(AND(MOD(J11,B11)/B11<=0.5,MOD(J11,B11)<>0),1,0) -> 0 | AO11: =INT(K11/B11) -> 0 | AP11: =IF(MOD(K11,B11)/B11>0.5,1,0) -> 0 | AQ11: =IF(AND(MOD(K11,B11)/B11<=0.5,MOD(K11,B11)<>0),1,0) -> 0 | AR11: =INT(L11/B11) -> 0 | AS11: =IF(MOD(L11,B11)/B11>0.5,1,0) -> 0 | AT11: =IF(AND(MOD(L11,B11)/B11<=0.5,MOD(L11,B11)<>0),1,0) -> 0 | AU11: =INT(O11/B11) -> 0 | AV11: =IF(MOD(O11,B11)/B11>0.5,1,0) -> 0 | AW11: =IF(AND(MOD(O11,B11)/B11<=0.5,MOD(O11,B11)<>0),1,0) -> 0
A12: ส้มแพ็ก 4 ผล(450 กรัม) x14 P | B12: 14 | C12: {=SUMPRODUCT(ROUNDUP(D12:O12/B12, 0))} -> 0 | D12: ='บางบัวทอง-ผลิต'!E19 -> 0 | E12: ='บางบัวทอง-ผลิต'!F19 -> 0 | F12: ='บางบัวทอง-ผลิต'!G19 -> 0 | G12: ='บางบัวทอง-ผลิต'!H19 -> 0 | H12: ='บางบัวทอง-ผลิต'!I19 -> 0 | I12: ='บางบัวทอง-ผลิต'!J19 -> 0 | J12: ='บางบัวทอง-ผลิต'!K19 -> 0 | K12: ='บางบัวทอง-ผลิต'!L19 -> 0 | ... O12: ='บางบัวทอง-ผลิต'!P19 -> 0 | P12: =INT(SUM(D12:O12)/B12) & " full, " & IF(MOD(SUM(D12:O12), B12)/B12 <= 0.5, "1 less than half", IF(MOD(SUM(D12:O12), B12)/B12 > 0.5, "1 more than half", "")) -> 0 full, 1 less than half | T12: =INT(D12/B12) -> 0 | U12: =IF(MOD(D12,B12)/B12>0.5,1,0) -> 0 | V12: =IF(AND(MOD(D12,B12)/B12<=0.5,MOD(D12,B12)<>0),1,0) -> 0 | W12: =INT(E12/B12) -> 0 | X12: =IF(MOD(E12,B12)/B12>0.5,1,0) -> 0 | Y12: =IF(AND(MOD(E12,B12)/B12<=0.5,MOD(E12,B12)<>0),1,0) -> 0 | Z12: =INT(F12/B12) -> 0 | AA12: =IF(MOD(F12,B12)/B12>0.5,1,0) -> 0 | AB12: =IF(AND(MOD(F12,B12)/B12<=0.5,MOD(F12,B12)<>0),1,0) -> 0 | AC12: =INT(G12/B12) -> 0 | AD12: =IF(MOD(G12,B12)/B12>0.5,1,0) -> 0 | AE12: =IF(AND(MOD(G12,B12)/B12<=0.5,MOD(G12,B12)<>0),1,0) -> 0 | AF12: =INT(H12/B12) -> 0 | AG12: =IF(MOD(H12,B12)/B12>0.5,1,0) -> 0 | AH12: =IF(AND(MOD(H12,B12)/B12<=0.5,MOD(H12,B12)<>0),1,0) -> 0 | AI12: =INT(I12/B12) -> 0 | AJ12: =IF(MOD(I12,B12)/B12>0.5,1,0) -> 0 | AK12: =IF(AND(MOD(I12,B12)/B12<=0.5,MOD(I12,B12)<>0),1,0) -> 0 | AL12: =INT(J12/B12) -> 0 | AM12: =IF(MOD(J12,B12)/B12>0.5,1,0) -> 0 | AN12: =IF(AND(MOD(J12,B12)/B12<=0.5,MOD(J12,B12)<>0),1,0) -> 0 | AO12: =INT(K12/B12) -> 0 | AP12: =IF(MOD(K12,B12)/B12>0.5,1,0) -> 0 | AQ12: =IF(AND(MOD(K12,B12)/B12<=0.5,MOD(K12,B12)<>0),1,0) -> 0 | AR12: =INT(L12/B12) -> 0 | AS12: =IF(MOD(L12,B12)/B12>0.5,1,0) -> 0 | AT12: =IF(AND(MOD(L12,B12)/B12<=0.5,MOD(L12,B12)<>0),1,0) -> 0 | AU12: =INT(O12/B12) -> 0 | AV12: =IF(MOD(O12,B12)/B12>0.5,1,0) -> 0 | AW12: =IF(AND(MOD(O12,B12)/B12<=0.5,MOD(O12,B12)<>0),1,0) -> 0
A13: แอปเปิ้ลแพ็ก 4 ผล(400 กรัม) x14 P | B13: 14 | C13: {=SUMPRODUCT(ROUNDUP(D13:O13/B13, 0))} -> 0 | D13: ='บางบัวทอง-ผลิต'!E21 -> 0 | E13: ='บางบัวทอง-ผลิต'!F21 -> 0 | F13: ='บางบัวทอง-ผลิต'!G21 -> 0 | G13: ='บางบัวทอง-ผลิต'!H21 -> 0 | H13: ='บางบัวทอง-ผลิต'!I21 -> 0 | I13: ='บางบัวทอง-ผลิต'!J21 -> 0 | J13: ='บางบัวทอง-ผลิต'!K21 -> 0 | K13: ='บางบัวทอง-ผลิต'!L21 -> 0 | ... O13: ='บางบัวทอง-ผลิต'!P21 -> 0
A14: องุ่นแดงไร้เมล็ด150กรัม x 32 Pไข่ปลา | B14: 32 | C14: {=SUMPRODUCT(ROUNDUP(D14:O14/B14, 0))} -> 0 | D14: ='บางบัวทอง-ผลิต'!E23 -> 0 | E14: ='บางบัวทอง-ผลิต'!F23 -> 0 | F14: ='บางบัวทอง-ผลิต'!G23 -> 0 | G14: ='บางบัวทอง-ผลิต'!H23 -> 0 | H14: ='บางบัวทอง-ผลิต'!I23 -> 0 | I14: ='บางบัวทอง-ผลิต'!J23 -> 0 | J14: ='บางบัวทอง-ผลิต'!K23 -> 0 | K14: ='บางบัวทอง-ผลิต'!L23 -> 0 | ... O14: ='บางบัวทอง-ผลิต'!P23 -> 0 | P14: =INT(SUM(D14:O14)/B14) & " full, " & IF(MOD(SUM(D14:O14), B14)/B14 <= 0.5, "1 less than half", IF(MOD(SUM(D14:O14), B14)/B14 > 0.5, "1 more than half", "")) -> 0 full, 1 less than half | T14: =INT(D14/B14) -> 0 | U14: =IF(MOD(D14,B14)/B14>0.5,1,0) -> 0 | V14: =IF(AND(MOD(D14,B14)/B14<=0.5,MOD(D14,B14)<>0),1,0) -> 0 | W14: =INT(E14/B14) -> 0 | X14: =IF(MOD(E14,B14)/B14>0.5,1,0) -> 0 | Y14: =IF(AND(MOD(E14,B14)/B14<=0.5,MOD(E14,B14)<>0),1,0) -> 0 | Z14: =INT(F14/B14) -> 0 | AA14: =IF(MOD(F14,B14)/B14>0.5,1,0) -> 0 | AB14: =IF(AND(MOD(F14,B14)/B14<=0.5,MOD(F14,B14)<>0),1,0) -> 0 | AC14: =INT(G14/B14) -> 0 | AD14: =IF(MOD(G14,B14)/B14>0.5,1,0) -> 0 | AE14: =IF(AND(MOD(G14,B14)/B14<=0.5,MOD(G14,B14)<>0),1,0) -> 0 | AF14: =INT(H14/B14) -> 0 | AG14: =IF(MOD(H14,B14)/B14>0.5,1,0) -> 0 | AH14: =IF(AND(MOD(H14,B14)/B14<=0.5,MOD(H14,B14)<>0),1,0) -> 0 | AI14: =INT(I14/B14) -> 0 | AJ14: =IF(MOD(I14,B14)/B14>0.5,1,0) -> 0 | AK14: =IF(AND(MOD(I14,B14)/B14<=0.5,MOD(I14,B14)<>0),1,0) -> 0 | AL14: =INT(J14/B14) -> 0 | AM14: =IF(MOD(J14,B14)/B14>0.5,1,0) -> 0 | AN14: =IF(AND(MOD(J14,B14)/B14<=0.5,MOD(J14,B14)<>0),1,0) -> 0 | AO14: =INT(K14/B14) -> 0 | AP14: =IF(MOD(K14,B14)/B14>0.5,1,0) -> 0 | AQ14: =IF(AND(MOD(K14,B14)/B14<=0.5,MOD(K14,B14)<>0),1,0) -> 0 | AR14: =INT(L14/B14) -> 0 | AS14: =IF(MOD(L14,B14)/B14>0.5,1,0) -> 0 | AT14: =IF(AND(MOD(L14,B14)/B14<=0.5,MOD(L14,B14)<>0),1,0) -> 0 | AU14: =INT(O14/B14) -> 0 | AV14: =IF(MOD(O14,B14)/B14>0.5,1,0) -> 0 | AW14: =IF(AND(MOD(O14,B14)/B14<=0.5,MOD(O14,B14)<>0),1,0) -> 0
A15: สตรอเบอร์รี่ 250 กรัม x 27P | B15: 27 | C15: {=SUMPRODUCT(ROUNDUP(D15:O15/B15, 0))} -> 0 | D15: ='บางบัวทอง-ผลิต'!E25 -> 0 | E15: ='บางบัวทอง-ผลิต'!F25 -> 0 | F15: ='บางบัวทอง-ผลิต'!G25 -> 0 | G15: ='บางบัวทอง-ผลิต'!H25 -> 0 | H15: ='บางบัวทอง-ผลิต'!I25 -> 0 | I15: ='บางบัวทอง-ผลิต'!J25 -> 0 | J15: ='บางบัวทอง-ผลิต'!K25 -> 0 | K15: ='บางบัวทอง-ผลิต'!L25 -> 0 | ... O15: ='บางบัวทอง-ผลิต'!P25 -> 0
A16: บลูเบอร์รี่ 125 กรัม x 36 P | B16: 36 | C16: {=SUMPRODUCT(ROUNDUP(D16:O16/B16, 0))} -> 0 | D16: ='บางบัวทอง-ผลิต'!E27 -> 0 | E16: ='บางบัวทอง-ผลิต'!F27 -> 0 | F16: ='บางบัวทอง-ผลิต'!G27 -> 0 | G16: ='บางบัวทอง-ผลิต'!H27 -> 0 | H16: ='บางบัวทอง-ผลิต'!I27 -> 0 | I16: ='บางบัวทอง-ผลิต'!J27 -> 0 | J16: ='บางบัวทอง-ผลิต'!K27 -> 0 | K16: ='บางบัวทอง-ผลิต'!L27 -> 0 | ... O16: ='บางบัวทอง-ผลิต'!P27 -> 0
A17: องุ่นดำไร้เมล็ด 300 กรัม x20P | B17: 20 | C17: {=SUMPRODUCT(ROUNDUP(D17:O17/B17, 0))} -> 0 | D17: ='บางบัวทอง-ผลิต'!E29 -> 0 | E17: ='บางบัวทอง-ผลิต'!F29 -> 0 | F17: ='บางบัวทอง-ผลิต'!G29 -> 0 | G17: ='บางบัวทอง-ผลิต'!H29 -> 0 | H17: ='บางบัวทอง-ผลิต'!I29 -> 0 | I17: ='บางบัวทอง-ผลิต'!J29 -> 0 | J17: ='บางบัวทอง-ผลิต'!K29 -> 0 | K17: ='บางบัวทอง-ผลิต'!L29 -> 0 | ... O17: ='บางบัวทอง-ผลิต'!P29 -> 0
A18: องุ่นไชน์มัสแคท 300 กรัมx 15 P | B18: 15 | C18: {=SUMPRODUCT(ROUNDUP(D18:O18/B18, 0))} -> 0 | D18: ='บางบัวทอง-ผลิต'!E31 -> 0 | E18: ='บางบัวทอง-ผลิต'!F31 -> 0 | F18: ='บางบัวทอง-ผลิต'!G31 -> 0 | G18: ='บางบัวทอง-ผลิต'!H31 -> 0 | H18: ='บางบัวทอง-ผลิต'!I31 -> 0 | I18: ='บางบัวทอง-ผลิต'!J31 -> 0 | J18: ='บางบัวทอง-ผลิต'!K31 -> 0 | K18: ='บางบัวทอง-ผลิต'!L31 -> 0 | ... O18: ='บางบัวทอง-ผลิต'!P31 -> 0
A19: แอปเปิ้ลแดงวอชิงตันลูกเดี่ยว x 45 P | B19: 45 | C19: {=SUMPRODUCT(ROUNDUP(D19:O19/B19, 0))} -> 0 | D19: ='บางบัวทอง-ผลิต'!E33 -> 0 | E19: ='บางบัวทอง-ผลิต'!F33 -> 0 | F19: ='บางบัวทอง-ผลิต'!G33 -> 0 | G19: ='บางบัวทอง-ผลิต'!H33 -> 0 | H19: ='บางบัวทอง-ผลิต'!I33 -> 0 | I19: ='บางบัวทอง-ผลิต'!J33 -> 0 | J19: ='บางบัวทอง-ผลิต'!K33 -> 0 | K19: ='บางบัวทอง-ผลิต'!L33 -> 0 | ... O19: ='บางบัวทอง-ผลิต'!P33 -> 0
A20: องุ่นสวีทแซฟไฟร์300 กรัม x 15 P | B20: 15 | C20: {=SUMPRODUCT(ROUNDUP(D20:O20/B20, 0))} -> 0 | D20: ='บางบัวทอง-ผลิต'!E35 -> 0 | E20: ='บางบัวทอง-ผลิต'!F35 -> 0 | F20: ='บางบัวทอง-ผลิต'!G35 -> 0 | G20: ='บางบัวทอง-ผลิต'!H35 -> 0 | H20: ='บางบัวทอง-ผลิต'!I35 -> 0 | I20: ='บางบัวทอง-ผลิต'!J35 -> 0 | J20: ='บางบัวทอง-ผลิต'!K35 -> 0 | K20: ='บางบัวทอง-ผลิต'!L35 -> 0 | ... O20: ='บางบัวทอง-ผลิต'!P35 -> 0
A21: แอปเปิ้ลเจ้าหญิง 200 กรัม x 27 P | B21: 27 | C21: {=SUMPRODUCT(ROUNDUP(D21:O21/B21, 0))} -> 0 | D21: ='บางบัวทอง-ผลิต'!E37 -> 0 | E21: ='บางบัวทอง-ผลิต'!F37 -> 0 | F21: ='บางบัวทอง-ผลิต'!G37 -> 0 | G21: ='บางบัวทอง-ผลิต'!H37 -> 0 | H21: ='บางบัวทอง-ผลิต'!I37 -> 0 | I21: ='บางบัวทอง-ผลิต'!J37 -> 0 | J21: ='บางบัวทอง-ผลิต'!K37 -> 0 | K21: ='บางบัวทอง-ผลิต'!L37 -> 0 | ... O21: ='บางบัวทอง-ผลิต'!P37 -> 0
A22: องุ่นเคียวโฮ 300 กรัม x 15 P | B22: 15 | C22: {=SUMPRODUCT(ROUNDUP(D22:O22/B22, 0))} -> 0 | D22: ='บางบัวทอง-ผลิต'!E39 -> 0 | E22: ='บางบัวทอง-ผลิต'!F39 -> 0 | F22: ='บางบัวทอง-ผลิต'!G39 -> 0 | G22: ='บางบัวทอง-ผลิต'!H39 -> 0 | H22: ='บางบัวทอง-ผลิต'!I39 -> 0 | I22: ='บางบัวทอง-ผลิต'!J39 -> 0 | J22: ='บางบัวทอง-ผลิต'!K39 -> 0 | K22: ='บางบัวทอง-ผลิต'!L39 -> 0 | ... O22: ='บางบัวทอง-ผลิต'!P39 -> 0
A23: ลูกไหนจิ๋ว 200 g. x 27 p | B23: 27 | C23: {=SUMPRODUCT(ROUNDUP(D23:O23/B23, 0))} -> 0 | D23: ='บางบัวทอง-ผลิต'!E41 -> 0 | E23: ='บางบัวทอง-ผลิต'!F41 -> 0 | F23: ='บางบัวทอง-ผลิต'!G41 -> 0 | G23: ='บางบัวทอง-ผลิต'!H41 -> 0 | H23: ='บางบัวทอง-ผลิต'!I41 -> 0 | I23: ='บางบัวทอง-ผลิต'!J41 -> 0 | J23: ='บางบัวทอง-ผลิต'!K41 -> 0 | K23: ='บางบัวทอง-ผลิต'!L41 -> 0 | ... O23: ='บางบัวทอง-ผลิต'!P41 -> 0
A24: องุ่นแดงไร้เมล็ด 300 g. x 20 p | B24: 20 | C24: {=SUMPRODUCT(ROUNDUP(D24:O24/B24, 0))} -> 0 | D24: ='บางบัวทอง-ผลิต'!E43 -> 0 | E24: ='บางบัวทอง-ผลิต'!F43 -> 0 | F24: ='บางบัวทอง-ผลิต'!G43 -> 0 | G24: ='บางบัวทอง-ผลิต'!H43 -> 0 | H24: ='บางบัวทอง-ผลิต'!I43 -> 0 | I24: ='บางบัวทอง-ผลิต'!J43 -> 0 | J24: ='บางบัวทอง-ผลิต'!K43 -> 0 | K24: ='บางบัวทอง-ผลิต'!L43 -> 0 | ... O24: ='บางบัวทอง-ผลิต'!P43 -> 0
A25: เบอร์รี่ดูโอ้ 160 กรัม x 32 P | B25: 32 | C25: {=SUMPRODUCT(ROUNDUP(D25:O25/B25, 0))} -> 0 | D25: ='บางบัวทอง-ผลิต'!E45 -> 0 | E25: ='บางบัวทอง-ผลิต'!F45 -> 0 | F25: ='บางบัวทอง-ผลิต'!G45 -> 0 | G25: ='บางบัวทอง-ผลิต'!H45 -> 0 | H25: ='บางบัวทอง-ผลิต'!I45 -> 0 | I25: ='บางบัวทอง-ผลิต'!J45 -> 0 | J25: ='บางบัวทอง-ผลิต'!K45 -> 0 | K25: ='บางบัวทอง-ผลิต'!L45 -> 0 | ... O25: ='บางบัวทอง-ผลิต'!P45 -> 0
A26: สาลี่ทอง แพ็ก 2 ผล (400g.) x 15 P | B26: 15 | C26: {=SUMPRODUCT(ROUNDUP(D26:O26/B26, 0))} -> 0 | D26: ='บางบัวทอง-ผลิต'!E47 -> 0 | E26: ='บางบัวทอง-ผลิต'!F47 -> 0 | F26: ='บางบัวทอง-ผลิต'!G47 -> 0 | G26: ='บางบัวทอง-ผลิต'!H47 -> 0 | H26: ='บางบัวทอง-ผลิต'!I47 -> 0 | I26: ='บางบัวทอง-ผลิต'!J47 -> 0 | J26: ='บางบัวทอง-ผลิต'!K47 -> 0 | K26: ='บางบัวทอง-ผลิต'!L47 -> 0 | ... O26: ='บางบัวทอง-ผลิต'!P47 -> 0
A27: สาลี่ทอง แพ็ก 2 ผล (400g.) x 15 P | B27: 8 | C27: {=SUMPRODUCT(ROUNDUP(D27:O27/B27, 0))} -> 0 | D27: ='บางบัวทอง-ผลิต'!E49 -> 0 | E27: ='บางบัวทอง-ผลิต'!F49 -> 0 | F27: ='บางบัวทอง-ผลิต'!G49 -> 0 | G27: ='บางบัวทอง-ผลิต'!H49 -> 0 | H27: ='บางบัวทอง-ผลิต'!I49 -> 0 | I27: ='บางบัวทอง-ผลิต'!J49 -> 0 | J27: ='บางบัวทอง-ผลิต'!K49 -> 0 | K27: ='บางบัวทอง-ผลิต'!L49 -> 0 | ... O27: ='บางบัวทอง-ผลิต'!P49 -> 0
A28: รวม | C28: =SUM(C10:C27) -> 0 | D28: =SUM(D29:D31)*-1 -> 0 | E28: =SUM(E29:E31)*-1 -> 0 | F28: =SUM(F29:F31)*-1 -> 0 | G28: =SUM(G29:G31)*-1 -> 0 | H28: =SUM(H29:H31)*-1 -> 0 | I28: =SUM(I29:I31)*-1 -> 0 | J28: =SUM(J29:J31)*-1 -> 0 | K28: =SUM(K29:K31)*-1 -> 0 | ... O28: =SUM(O29:O31)*-1 -> 0
A29: ตะกร้าเต็ม | D29: =SUM(T10:T15) -> 0 | E29: =SUM(W10:W15) -> 0 | F29: =SUM(Z10:Z15) -> 0 | G29: =SUM(AC10:AC15) -> 0 | H29: =SUM(AF10:AF15) -> 0 | I29: =SUM(AI10:AI15) -> 0 | J29: =SUM(AL10:AL15) -> 0 | K29: =SUM(AO10:AO15) -> 0 | L29: =SUM(AR10:AR15) -> 0 | M29: =SUM(AS10:AS15) -> 0 | N29: =SUM(AT10:AT15) -> 0 | O29: =SUM(AU10:AU15) -> 0
A30: เกินครึ่งตะกร้า | D30: =SUM(U10:U15) -> 0 | E30: =SUM(X10:X15) -> 0 | F30: =SUM(AA10:AA15) -> 0 | G30: =SUM(AD10:AD15) -> 0 | H30: =SUM(AG10:AG15) -> 0 | I30: =SUM(AJ10:AJ15) -> 0 | J30: =SUM(AM10:AM15) -> 0 | K30: =SUM(AP10:AP15) -> 0 | L30: =SUM(AS10:AS15) -> 0 | M30: =SUM(AT10:AT15) -> 0 | N30: =SUM(AU10:AU15) -> 0 | O30: =SUM(AV10:AV15) -> 0
A31: น้อยกว่าหรือเท่ากับครึ่งตะกร้า | D31: =SUM(V10:V15) -> 0 | E31: =SUM(Y10:Y15) -> 0 | F31: =SUM(AB10:AB15) -> 0 | G31: =SUM(AE10:AE15) -> 0 | H31: =SUM(AH10:AH15) -> 0 | I31: =SUM(AK10:AK15) -> 0 | J31: =SUM(AN10:AN15) -> 0 | K31: =SUM(AQ10:AQ15) -> 0 | L31: =SUM(AT10:AT15) -> 0 | M31: =SUM(AU10:AU15) -> 0 | N31: =SUM(AV10:AV15) -> 0 | O31: =SUM(AW10:AW15) -> 0
A34: 4 ล้อ โกลบอล | B34: ตะกร้าเต็ม | C34: 134 | D34: =IF(C34=0, 0, ((SUM(D29:O29)+SUM(D30:O30))/C34)*100) -> 0 | E34: %
B35: ตะกร้าซ้อน | C35: 242 | D35: =IF(C35=0, 0, ((SUM(D31:O31))/C35)*100) -> 0 | E35: %
B36: พื้นที่ที่ต้องใช้ | D36: =D34+D35 -> 0 | E36: %
B37: พื้นที่รถ | D37: 100 | E37: %
B38: จำนวนรถที่ต้องใช้ | D38: =CEILING(D36 /D37, 1) -> 0 | E38: คัน
A39: 4 ล้อ รถนอก (จัมโบ้) | B39: ตะกร้าเต็ม | C39: 154 | D39: =IF(C39=0, 0, ((SUM(D29:O29)+SUM(D30:O30))/C39)*100) -> 0 | E39: %
B40: ตะกร้าซ้อน | C40: 278 | D40: =IF(C40=0, 0, ((SUM(D31:O31))/C40)*100) -> 0 | E40: %
B41: พื้นที่ที่ต้องใช้ | D41: =D39+D40 -> 0 | E41: %
B42: พื้นที่รถ | D42: 100 | E42: %
B43: จำนวนรถที่ต้องใช้ | D43: =CEILING(D41 /D42, 1) -> 0 | E43: คัน
A46: Outbound Operations Department | C46: ลายมือชื่อ | D46: เริ่มโหลด | G46: โหลดเสร็จ | J46: หมายเหตุ/ของที่รอ | Q46: ความสมบูรณ์ผ้าม่านรถ
A47: แพคกิ้ง: | Q47: เต็ม | R47: เส้น
A48: เช็คเกอร์: | Q48: ชำรุด | R48: เส้น
A49: ขนส่ง: | Q49: ไม่มี | R49: เส้น

Sheet Sheet2
D12: สินค้า | E12: สถานที่จัดส่ง :
E13: Food Tect แจ้งวัฒนะ ( คุณเจี๊ยบ )
E14: จำนวน
D15: กีวีเขียว แพ็ก 2 ผล | E15: 2 แพ็ก
D16: ลูกไหนจิ๋ว 200 กรัม | E16: 2 แพ็ก
